Emission_ID,Country,Sector,Fuel_Type,CO2_Emissions_MMt,Year,Population_Million,GDP_Billion_USD
524.0,Germany,Transport,,84.88993330800491,2001.0,54.44732234163117,525.4401771650784
603.0,China,power,Coal,116.75015744966478,2012.0,34.59914024988296,358.81482916780556
527.0,India,,Renewables,94.41783050200613,1997.0,67.09828186076999,538.271979305705
32.0,USA,Industry,Coal,80.13243588832287,1995.0,30.03723735128584,659.495345140532
617.0,Germany,Transport,,105.96754905202359,2014.0,40.724356471375415,360.58256482530857
586.0,Germany,Industry,,103.15501562059431,2008.0,51.615645059418554,348.686122485819
445.0,usa,,Oil,106.48799943575823,2014.0,60.763875396088665,549.4725180453996
733.0,China,Residential,Oil,127.33980865357687,1996.0,45.51001030876106,427.11769009070537
77.0,usa,,Renewables,94.51543285890938,1999.0,67.27303925061958,614.0313415002609
412.0,UK,,,96.85405149598193,2004.0,59.783699377697715,669.3937067097493
569.0,USA,power,Coal,104.15298670808184,2005.0,55.39453942356131,195.2222687606403
71.0,Germany,Power,,45.71785399017827,1997.0,38.96362128750602,564.6234131157715
676.0,china ,,,117.29489383281681,1997.0,48.975782339830204,471.2727507884538
102.0,china ,Power,Natural Gas,125.08713737145425,2021.0,40.648331701567145,350.218654345957
895.0,USA,power,,108.48946188495819,2008.0,61.59234150284205,466.05603482021917
926.0,India,,Renewables,142.7311825760545,2013.0,48.522779549169236,626.0472962353059
630.0,Germany,Power,coal,90.22804836014672,1992.0,48.71264660472077,533.11465091877
300.0,Germany,power,Natural Gas,104.12099035759026,1994.0,58.506776374742394,729.3211005699325
925.0,usa,power,,66.89874015333626,1991.0,46.12879573652444,371.65048643258433
425.0,India,Industry,,100.286465164212,2005.0,34.4748600771378,531.0346274844577
97.0,Germany,Power,Oil,107.02577618849082,2006.0,48.63661652985513,319.60333593053224
901.0,India,power,Coal,100.8774992752143,1991.0,56.93399705871886,532.0431792946765
261.0,China,Power,Natural Gas,86.88727240706294,2021.0,57.35524254125097,447.0223529157171
351.0,usa,power,Oil,122.68961040168637,2020.0,62.12784389130418,469.8397866356954
529.0,china ,Transport,Oil,84.22118462481859,2016.0,48.17006578193299,466.14016033850123
695.0,India,power,coal,105.63470127658748,2006.0,54.57622103733283,601.0162453527155
362.0,China,Residential,Coal,115.23607556173566,2000.0,39.521779458723074,628.6482064644474
612.0,India,Power,Natural Gas,80.15283427018973,2011.0,66.19068481108081,578.5591130165302
885.0,china ,Residential,,95.08300042044007,2002.0,61.044949854426335,557.1494736463562
721.0,Germany,power,Renewables,120.99968585142767,2017.0,43.050340087006354,377.09475524073804
487.0,India,power,,130.35040218127745,1997.0,59.607021407191944,411.7004776499117
694.0,UK,Residential,Coal,103.69305551809201,1993.0,63.96930939355635,414.44807954236455
930.0,UK,Transport,,103.38883661719373,2000.0,40.363099431481665,481.8765366121306
810.0,USA,Transport,Renewables,131.37868991354992,2000.0,52.23873810266593,519.426140967926
409.0,Germany,Power,coal,77.70504585350221,2007.0,57.94245591000967,632.857947142146
741.0,china ,power,Coal,287.8296635510333,2012.0,58.36221078875002,392.96485486602126
214.0,china ,Industry,,112.37327874961298,1995.0,50.58587137542353,566.4750271953068
590.0,UK,Transport,,80.59992064981914,1992.0,27.0163296203732,735.3092448910977
366.0,UK,,coal,202.6432447889156,2009.0,45.49378715925105,238.070105049907
200.0,UK,power,Oil,83.20349505095665,2019.0,30.50768716834735,375.3221752162135
637.0,UK,Industry,Renewables,69.50589100024388,1994.0,43.973281154413364,439.4175521182406
629.0,India,Transport,Coal,97.81782964694862,2012.0,69.5330325574599,570.816445480024
829.0,India,Residential,coal,92.90385299631559,2006.0,39.55858977642149,329.0262925901069
353.0,usa,Power,,135.64156636122962,2004.0,47.97315598162889,366.1470329223831
330.0,USA,Transport,,98.255688031687,1991.0,40.91503608106722,235.64837442019473
982.0,Germany,Power,coal,127.25234053226735,2003.0,46.920976577294,349.38745223111687
838.0,china ,Power,Oil,91.02463551022738,2019.0,33.96247944333669,392.6082791354223
245.0,usa,Industry,coal,107.76485295570689,,44.4938147339787,312.0903816734259
287.0,usa,Industry,coal,98.44932369612013,1993.0,58.362229368215296,393.5939490201796
290.0,USA,Residential,Coal,123.99317351717136,2003.0,48.0178610155784,426.5293744073882
599.0,china ,,Renewables,132.43200199532643,2009.0,41.60679598220541,564.9823052072824
762.0,usa,Residential,coal,77.78695607500629,1993.0,41.67639285703089,376.04449011877256
60.0,Germany,Power,,100.97349676653651,2003.0,62.022387804156736,502.89268640615506
623.0,UK,,,82.81824115271861,1993.0,66.71582950744397,586.6417585454554
319.0,china ,power,coal,116.58649647856318,2004.0,46.112835090627726,449.2852257227839
11.0,china ,Residential,,115.47665487284559,1992.0,,521.6296458401871
238.0,Germany,Residential,coal,73.5798700826966,2022.0,50.39560758254562,371.74224584429555
332.0,USA,,Oil,77.52967590178342,2000.0,30.712699772501544,527.5377487805431
706.0,Germany,Power,Natural Gas,103.69884565748818,2013.0,42.72691937229693,332.9582860698599
87.0,Germany,Industry,Renewables,103.47832167667525,2013.0,64.34132723233584,454.88367799957035
804.0,UK,Transport,coal,114.68436437416392,2011.0,37.3089994529692,565.2750082287943
175.0,UK,,,100.54645521728347,2001.0,54.34142220262216,610.026160323097
313.0,USA,Industry,coal,93.80235852712498,2011.0,44.949513488197105,484.71158807390617
463.0,India,Industry,Renewables,89.09108002120513,1992.0,58.276019763260464,553.4806906150524
219.0,USA,Residential,Renewables,109.39118338705855,2022.0,51.38131706402721,430.72983633716217
31.0,Germany,Industry,,114.6852183435345,1998.0,47.38905901537424,508.5122057297815
548.0,china ,Transport,Renewables,79.67501651083501,2008.0,40.561354095771534,442.0926899080597
665.0,Germany,Industry,Renewables,103.75605095782177,2005.0,43.859913929285945,402.36203514799206
55.0,USA,Power,Natural Gas,73.44568208486774,2011.0,31.93412027531111,525.5829648434394
24.0,Germany,Power,Renewables,91.7634769136216,2014.0,36.54168215457578,592.3122267770887
257.0,USA,power,,65.99590250903867,2020.0,32.45914437330646,509.2872401823512
451.0,China,Transport,,121.3069525308326,2017.0,41.575025086332985,432.0956817441411
4.0,china ,power,Coal,118.90387454027187,2010.0,55.4360792748013,504.54111731176397
834.0,china ,Transport,Coal,90.80538537251546,2005.0,51.38645894711803,497.91037233952613
553.0,UK,Power,,77.53878879710896,2017.0,57.969958637222746,393.37832789562975
639.0,China,,Oil,94.78090334081485,1991.0,61.2209023032227,626.4468490678105
478.0,India,Residential,,119.13667462312193,2022.0,51.68928991370854,557.0694816035544
957.0,India,,,124.3900713742449,2001.0,55.539560470822764,517.1598773067955
,UK,Power,Renewables,103.0323765472126,2006.0,65.97120534290251,595.5937475764365
519.0,India,Transport,Renewables,107.81226355458723,2023.0,62.68621024603208,455.6679229723809
961.0,USA,Transport,Renewables,80.53769279557359,1998.0,39.536395348717946,535.481337466012
954.0,China,power,Renewables,126.93331645673575,2015.0,32.92825274469131,706.2212524038256
980.0,china ,Industry,,121.48535225819732,2010.0,56.87465289769486,411.2607609892474
576.0,usa,power,coal,102.21778957775535,2013.0,59.24410187274994,510.3279153006943
540.0,china ,power,Oil,329.3640647903473,2012.0,57.536242852719845,378.95983039765787
216.0,USA,Power,Coal,113.32900633426779,2009.0,54.908285006180954,390.23553504205285
738.0,India,,Natural Gas,115.21539283918707,1994.0,45.82707893187998,546.1267943409356
999.0,Germany,Residential,Coal,86.38097848386492,2012.0,44.43848071706665,512.3903880030015
714.0,UK,Transport,coal,112.47044205901517,2004.0,41.03884971563414,475.0096939122202
668.0,USA,power,,126.976588408783,2006.0,55.49215182500046,409.3587237810358
40.0,china ,power,Renewables,116.9665900075266,1992.0,62.06480155415055,499.79903449730386
232.0,USA,Residential,Natural Gas,88.11730846450227,1996.0,50.455897035030084,499.60188505063
495.0,China,Transport,,114.45392019045238,2007.0,44.147740042165026,528.9824316550473
705.0,china ,,Renewables,100.20350141482861,2021.0,45.67956235025866,623.1380936179432
968.0,USA,Industry,Renewables,93.33656670338146,2013.0,,307.8899246867037
67.0,China,power,Renewables,91.7715805468126,2008.0,43.26075653270404,414.33493685892046
295.0,UK,Industry,Oil,95.84737894035241,2016.0,41.10648006920792,411.45091134121515
68.0,Germany,Power,Coal,110.57497691599322,2004.0,34.747224654839336,485.78885388364563
480.0,china ,power,Coal,76.85360026031032,2004.0,46.21771897634427,517.3486973227089
329.0,Germany,Residential,Oil,115.16212397034943,1991.0,39.703337717205564,547.4823744989626
263.0,usa,Power,coal,76.03791873471565,1992.0,48.22061825008061,553.3703200968638
108.0,China,Power,Coal,78.71931529597805,1990.0,45.07929929051354,443.1907110423259
984.0,usa,Residential,Renewables,117.8873577442475,2013.0,47.01740512685092,571.3128107694516
347.0,Germany,Transport,Coal,122.64069972590072,2013.0,50.1536477589331,386.48381709680916
299.0,India,,Natural Gas,116.13128353361999,2010.0,36.56128394440724,452.10139529243844
644.0,UK,Residential,Oil,114.62493013340813,2001.0,60.491254172400254,440.7498106198077
308.0,Germany,Residential,Oil,47.37136233160187,1993.0,58.38762143909231,315.13643083694797
855.0,Germany,power,coal,145.7961159492092,1991.0,37.50112519141743,383.8188923638563
507.0,UK,,Renewables,103.61166413216726,2006.0,36.608382644635185,487.6692347995203
297.0,Germany,Power,coal,118.1371539025147,2012.0,46.37243467200444,568.8608053690031
881.0,usa,Transport,Natural Gas,378.74055460254755,2011.0,64.58204488387403,518.5125034314018
667.0,UK,Power,Oil,504.57357537431983,2006.0,50.42352130767432,473.73886430150435
101.0,usa,Power,coal,110.84927723000474,2018.0,27.354850206038837,592.6068245827911
89.0,UK,Industry,,102.58129596480337,2006.0,57.70847277408579,495.2316864758773
64.0,,,Natural Gas,133.4787683624504,2017.0,48.35795895303483,401.5775518439181
844.0,India,,Oil,213.47778466936205,2018.0,59.94336079877929,571.9250983055333
889.0,usa,Transport,Renewables,449.69194608953444,1993.0,34.64981237334125,2370.4304934558954
140.0,Germany,power,,105.49362147985705,1992.0,56.84842737331576,375.89578787963603
758.0,China,Power,Coal,133.7758782661981,2000.0,45.445823086884644,500.5716086092891
616.0,India,Industry,Natural Gas,129.5977219982768,2004.0,45.52657538942635,499.771906524087
500.0,usa,Transport,Oil,109.79881165600146,2018.0,52.460159641760335,424.26415134698317
666.0,China,Transport,Coal,68.12565969297934,1997.0,59.36660309846792,379.35869660409503
585.0,china ,Power,,107.95403541014592,1999.0,66.06264760451553,597.8000524171559
110.0,UK,Residential,Renewables,unknown,2011.0,32.90690354792189,588.1162468436696
,UK,,Oil,135.31418532900807,2006.0,38.47938339735062,523.4343238850299
651.0,USA,Power,Renewables,110.39729704024538,2020.0,72.58827121908189,456.96841553545505
534.0,China,,Coal,105.15521765720221,2006.0,50.01734356742451,473.9499410593667
446.0,china ,Industry,,92.84177819237675,2002.0,48.579101249103346,504.44072127863564
606.0,UK,Residential,,115.11709919519879,1991.0,60.82237911526368,585.8977026043308
137.0,china ,Power,Natural Gas,116.8489984981229,2018.0,60.27882094020752,776.6139919811899
812.0,USA,,coal,79.23661705826132,2007.0,66.7099171528861,646.8324133355959
515.0,UK,Transport,Oil,142.1888918928492,2022.0,56.12629119687199,633.6265360422232
754.0,USA,Power,,114.16842085789165,1999.0,58.113623174047106,572.5878220553714
159.0,usa,Residential,Natural Gas,72.85194080427578,2008.0,66.18381328847835,488.4305793891463
311.0,china ,Industry,Renewables,105.95842130519605,2001.0,46.16538954242347,509.88180389288243
328.0,Germany,Industry,Natural Gas,102.26268475359943,2002.0,57.85125220675627,418.75485497591154
50.0,India,Power,Oil,113.96499827555633,2010.0,30.483928064598473,544.2572353560568
936.0,UK,Power,Natural Gas,125.99948093451505,1991.0,50.718641644583336,503.98423221881797
255.0,UK,,Coal,70.56617114658624,2019.0,39.59545034386072,691.1662406281033
276.0,Germany,Power,,98.3148110633099,2009.0,65.22980551909954,410.3434822595722
902.0,UK,power,Coal,107.57332468502823,2013.0,49.108334183650314,508.40392090498676
185.0,china ,Power,Oil,99.81826850547488,2000.0,33.351075798710525,380.26022876459547
583.0,China,,Oil,86.83453113597363,2015.0,51.3821713110444,479.993062755957
661.0,USA,Power,Renewables,103.45188207829733,2010.0,50.77010757492944,457.84577843406817
897.0,USA,Transport,Renewables,108.09828197918259,2021.0,28.29138429166331,499.90466287467933
210.0,usa,Power,,75.72145238694871,2004.0,42.714784459856475,449.9948549025448
169.0,USA,Industry,coal,140.3967578330851,2012.0,48.88981126392845,466.06229937018895
867.0,usa,power,Natural Gas,84.3595226978512,2011.0,59.83922681430734,479.266122746678
281.0,china ,power,Oil,98.48352756963475,2023.0,55.89349377378153,477.2370738515197
134.0,India,,coal,99.5638932383633,2004.0,30.239995522791663,458.76156051996674
542.0,Germany,Transport,Oil,125.78539725431273,2011.0,36.38527663867271,407.03660478225027
56.0,china ,,coal,99.68360579475865,2022.0,51.955091501574564,451.2448117955523
121.0,USA,Power,Oil,95.26715628937909,2019.0,52.7251582582091,706.3247004351908
555.0,USA,Power,coal,80.71410720487263,1993.0,53.50011197935174,555.4307310957608
26.0,USA,,Natural Gas,66.77441013444465,2021.0,49.375884608643844,N/A
73.0,Germany,Industry,Renewables,103.12756245836556,2022.0,60.1070216458611,438.19033770516126
539.0,china ,Transport,coal,97.26433450061143,2010.0,66.42024215044945,603.5334686692211
45.0,India,,Oil,82.4471516048085,2012.0,51.17884506103355,595.9132930325479
498.0,Germany,Residential,Oil,109.20141212694875,2002.0,54.810532911254825,451.12416226205636
199.0,China,Transport,coal,77.80708990958486,1990.0,29.351145379531136,460.3142955084679
378.0,USA,Industry,coal,121.67212159660372,2019.0,63.789016998464696,489.71758695200555
315.0,Germany,Residential,Oil,70.98576164513048,2018.0,70.11825996442627,388.816177626314
719.0,India,Industry,coal,unknown,1993.0,55.80098841635207,340.46150998242547
209.0,Germany,Power,,108.94718604381222,2004.0,61.47539213593895,570.6258036910302
722.0,UK,Transport,Renewables,468.221939566393,2021.0,49.72172455370726,2449.2389445303243
919.0,usa,Power,Oil,82.28091373410808,2000.0,68.2995966975421,351.44239298965243
536.0,China,,Coal,452.14225553785326,2021.0,74.89461081260694,2147.6494617349417
696.0,India,Transport,,131.3667855206025,2003.0,46.184291082029766,378.9317014193123
605.0,UK,Transport,,112.96274539815067,2014.0,46.81372596107403,693.1111068862538
591.0,china ,power,Coal,119.661654104118,,53.33012047116258,532.1376319081456
291.0,USA,,Coal,83.7702064453295,2000.0,43.21138206514225,528.4491785894517
960.0,Germany,Transport,,77.43052740504908,2015.0,53.36992910894404,514.1778370691434
333.0,usa,Transport,Coal,111.58356038583429,1997.0,59.894420782883124,626.274248314764
211.0,usa,Power,Oil,138.87753786217206,1993.0,67.81536681967044,598.1121188012514
343.0,India,power,Natural Gas,121.52743990482361,1996.0,46.07197803480813,522.4786902732159
61.0,usa,Transport,Coal,110.2347533815801,1999.0,42.492979729637014,
345.0,usa,Power,coal,,2016.0,56.99020308583896,596.4415005616204
891.0,India,Industry,Coal,88.82010544236005,2019.0,50.38503645634809,477.89344633896735
712.0,china ,Residential,coal,99.02069621955552,1995.0,52.406327440251545,
468.0,China,power,Renewables,92.10404874151806,2014.0,56.303924720320566,393.66912471313776
424.0,china ,Industry,Natural Gas,75.58659900636174,2002.0,45.76224544392008,564.7098393305807
260.0,China,Power,Coal,82.28168008081443,2021.0,40.82650733807877,494.4155099177227
781.0,usa,power,coal,41.50149641606646,2007.0,47.74899800241229,615.5529589282355
406.0,,Residential,,123.162216960486,2011.0,43.43958260191023,489.5157775901237
789.0,India,Transport,,127.3367292121089,2014.0,47.11827853845133,510.5339044829396
768.0,USA,Industry,,79.39970848273784,1995.0,48.509606838298176,636.2401935438409
484.0,china ,Transport,Natural Gas,106.13875414719104,1997.0,52.09390466692817,611.0173940938101
531.0,Germany,Power,,123.00592052602786,1990.0,35.18221694503163,441.29781816487906
811.0,USA,Transport,Natural Gas,92.93009107596626,2005.0,52.253318887478024,428.0583959219919
1000.0,usa,,Oil,81.96436826598358,2021.0,45.88094160072448,476.53757026211457
967.0,India,Power,coal,115.36359128925695,1990.0,,N/A
111.0,China,Power,Oil,83.53763877303841,2005.0,41.61406847036136,438.79437735365883
996.0,usa,Industry,Oil,132.52285597566222,2009.0,40.03584016833686,343.3191575541598
559.0,UK,power,Coal,111.20612882646212,2021.0,73.8019013875477,369.3150142544989
794.0,usa,Transport,coal,95.5975263942006,2003.0,51.410074796990365,428.1568667380309
937.0,usa,Transport,,89.93157893346338,2005.0,46.491152263710006,211.58455642376657
920.0,Germany,Transport,Coal,366.4977557297356,2017.0,51.12066375178239,665.8170206694158
943.0,UK,Transport,Coal,115.15810792222024,2021.0,52.51925363309083,392.3523190022871
320.0,china ,Residential,Coal,88.36324336165958,2001.0,53.99398749278516,481.982644346492
517.0,usa,Residential,Coal,134.50234664517143,1990.0,62.25258737089015,608.3212821931901
450.0,China,Industry,Renewables,121.2128586097233,1992.0,46.51017948931665,489.91146244539294
784.0,China,Industry,,,1999.0,53.236984420149,489.05454011626824
594.0,usa,Industry,,98.76913452239903,2001.0,46.199014364896776,402.25253630612644
910.0,UK,Power,Renewables,102.3848665859178,2000.0,54.20153293986286,414.9699183964466
744.0,China,Power,Natural Gas,93.8515311080348,1995.0,25.769535009984665,649.093682720173
138.0,China,power,Oil,92.7456862084014,1992.0,43.47490859579276,526.8274939789526
800.0,USA,Power,coal,,2000.0,41.75676987937122,425.13552974846823
934.0,India,Residential,coal,110.14162517519098,1992.0,53.77464719053986,480.6081458076124
823.0,usa,power,Coal,129.13419900123588,2004.0,58.75876461998784,603.0587740984288
766.0,usa,power,Renewables,104.27291763024942,2021.0,57.93608687036212,663.80469445366
262.0,Germany,Power,coal,102.9750179247043,2004.0,66.5848504196808,602.6256426270985
568.0,usa,Residential,coal,78.94069843199387,2013.0,52.10546763441148,495.94281271898484
833.0,China,Power,Coal,92.63549449517816,2015.0,53.1455217053677,753.2387600238344
382.0,usa,Industry,,121.02388021972081,2021.0,75.03796227268774,506.0257677332475
334.0,Germany,Power,Oil,106.9654445280545,2011.0,62.59963502341588,587.6789554553953
537.0,UK,Residential,Oil,111.96115392905818,2018.0,46.614200192610454,453.73753799483484
352.0,Germany,,Oil,83.75190002020472,1997.0,54.80598712938984,508.1142518955411
786.0,India,,,148.68817266475364,1994.0,37.096489152556586,288.29919477936517
452.0,China,Transport,Natural Gas,87.31313788328643,1992.0,54.03191210760522,346.7493726069681
79.0,Germany,Residential,Oil,98.9251098206175,2018.0,44.850407406793096,273.06260708458217
30.0,UK,Industry,,106.0688950184809,2010.0,59.773185160643294,439.7598377865639
713.0,UK,,Oil,100.62045873999614,2003.0,39.13374823046293,443.9876454906901
278.0,India,,Coal,100.5544337695314,2012.0,35.930004220369206,431.1564556055746
248.0,Germany,,,109.90425906248224,2020.0,65.35468449934524,627.5977295765691
658.0,India,power,,102.99863340126782,2011.0,75.24396537823222,411.8200895533229
307.0,china ,Residential,Natural Gas,74.24105220964,1996.0,34.655198685947035,461.02831098065957
166.0,usa,,,110.71154893776858,2018.0,50.062845248918734,553.0502574167932
817.0,Germany,power,Renewables,93.5045305344165,2002.0,45.37647476206678,493.7953811418182
179.0,USA,Industry,Coal,127.12156293613417,1997.0,51.571086945033194,392.39572205513537
486.0,usa,Power,,65.75121084871373,2012.0,46.677422553106496,N/A
66.0,UK,Industry,Coal,103.94600839985704,2003.0,57.56498927840156,418.82412230503917
142.0,USA,,coal,83.25361841337217,1993.0,43.88730600805182,481.8363535702925
437.0,China,Industry,Renewables,82.7987828975385,1995.0,37.132387053472634,506.38531650282226
523.0,China,Power,Coal,108.94798692933585,2004.0,52.33092652514787,513.2347699508747
845.0,china ,Industry,Renewables,319.05874685966864,1992.0,24.43682132528666,640.5170055595361
421.0,USA,power,coal,71.92486709894834,2016.0,68.51881891933871,539.7852007769319
405.0,Germany,Transport,Oil,155.5193430596305,1998.0,52.30438887710503,616.7931662953907
680.0,USA,Transport,Coal,79.36565976132879,2020.0,43.665262144493425,699.0676017189999
266.0,USA,power,Coal,102.29421236327937,2010.0,37.785049369334345,503.3114611391733
880.0,UK,power,Natural Gas,114.05907583813736,2000.0,40.29723216064163,571.2031720988388
293.0,India,Transport,,114.5463969404143,2000.0,52.05629814693488,438.83003388670215
222.0,India,,Coal,88.11646502540086,1990.0,36.53630086512219,517.562030822576
828.0,Germany,Industry,Oil,108.97226206636324,2006.0,42.2088202963732,466.0496358530113
236.0,India,power,Renewables,71.43938333798471,1997.0,57.448964184470974,569.0266399172918
526.0,usa,Power,Natural Gas,112.7258633687722,2003.0,38.032531900749774,739.155482099146
193.0,china ,power,Natural Gas,105.86787911283805,2012.0,44.84991723644308,751.4438636617342
322.0,China,,,88.4942058019446,2019.0,57.49365942270041,672.8681575814306
50.0,India,Power,Oil,113.96499827555633,2010.0,30.483928064598473,544.2572353560568
892.0,UK,Transport,Coal,106.80118733721604,2020.0,64.40585080601879,433.93586171158904
3.0,UK,Power,Natural Gas,130.89052007356187,1990.0,47.76840365819109,621.7275089890564
818.0,UK,power,Oil,146.00791285370343,1993.0,54.1144832758859,332.6547658882284
371.0,USA,Power,Natural Gas,88.5970824143393,2009.0,54.64802130831977,463.69592265905476
922.0,UK,Residential,Coal,115.4207783990651,1990.0,45.578450297634795,557.473624647703
250.0,usa,Power,Coal,103.08631663267172,2005.0,51.03772836800436,470.8478689082504
549.0,China,Residential,,79.8563261238792,2017.0,43.66522007563078,493.4502919160274
433.0,USA,Industry,Natural Gas,113.12962423670183,2014.0,59.58719428323998,578.8784983127301
972.0,china ,power,Renewables,86.14537071022632,2003.0,51.68558301298035,481.6665656499215
508.0,Germany,,Oil,102.9047743356333,2008.0,51.59743367050745,398.9378236421452
34.0,India,Transport,Renewables,86.6695903745297,1994.0,29.932213122335188,651.6742288121777
205.0,Germany,Transport,Renewables,88.03264379539563,2016.0,51.58877120991153,483.41169500166217
890.0,China,Power,Coal,74.99863021587211,2008.0,55.37517383020115,590.3685641792953
589.0,usa,Industry,Oil,99.9298401598292,,27.98333863201924,294.5559778012355
731.0,usa,,Natural Gas,89.01706045908566,1991.0,44.52716350133791,534.9216807898543
78.0,USA,Transport,Coal,80.01374484699726,,52.2085887245946,749.8867386165787
85.0,usa,Industry,Coal,90.39595251705963,2002.0,40.21543746600793,518.4132773022544
306.0,Germany,power,Coal,145.56497406362496,1990.0,54.845203454780155,604.4561275785371
83.0,usa,Transport,coal,78.61498812095684,2023.0,52.03149201591207,679.1265064170707
449.0,India,power,coal,81.95827468296515,,62.41392331313189,
998.0,china ,Transport,Natural Gas,99.3885967316501,1992.0,42.65296963339984,507.1832907706664
752.0,UK,,Coal,114.92176239079369,2021.0,55.11253278539574,589.6390087348602
532.0,China,Power,coal,105.59685321995217,2000.0,49.11681121187718,549.6092338076872
324.0,china ,,,101.72735134146846,,66.59095520919723,433.3690878050914
496.0,usa,Power,Coal,82.75295253873111,2006.0,60.05655093076597,559.3433759624111
911.0,USA,Transport,Natural Gas,116.02328039647846,2010.0,44.55636418490905,418.428888937304
,UK,Residential,Renewables,55.73545303946338,1994.0,39.48085074944311,454.28400364485503
426.0,Germany,,,103.12375645881755,1998.0,58.97757898715156,439.2259859833944
491.0,usa,Residential,Coal,79.53544467713404,2017.0,49.050934307290696,489.9628227722743
98.0,usa,power,Renewables,133.7978691325258,2014.0,60.60395905233882,548.1957787247685
601.0,China,,coal,118.67567825744686,2012.0,35.71142763455809,581.6496023893358
423.0,UK,Industry,Renewables,237.62117644507342,2007.0,42.19044808134055,1918.4707499517706
886.0,USA,power,,87.71526762902606,1998.0,43.9834759781856,496.48225834964427
282.0,usa,,,117.51015961023018,2017.0,47.386372176731335,391.2318123462327
267.0,USA,Industry,Coal,88.83781284588088,1999.0,43.835476546989526,361.6507627465709
443.0,China,Transport,,75.16767560407945,1993.0,43.92707815052159,445.00497805595234
746.0,Germany,power,coal,86.55443455624803,2018.0,56.10897673900797,493.21337689268995
383.0,china ,,Coal,88.76228672905143,2015.0,57.80126005873819,471.2277026053952
693.0,usa,Residential,Oil,113.09308325816015,2007.0,71.12345888290288,606.1924785488081
894.0,china ,Industry,Oil,113.22845568166694,,60.886965586176956,553.5850335004934
535.0,UK,Industry,,129.62477097177606,2022.0,50.87153940382175,573.4632854727337
119.0,china ,,,73.24253017579535,1992.0,46.70560862907877,464.54429713029896
389.0,UK,Power,Natural Gas,94.55144597511418,2012.0,46.05672700764825,460.1078970783353
251.0,china ,power,coal,140.83491821125705,2002.0,62.819922530943046,478.3595579040135
944.0,Germany,Transport,Renewables,129.18214314603955,1999.0,41.07230474142831,452.0598286294006
454.0,USA,,Renewables,94.25786614939501,2005.0,55.420899248003735,535.695989621781
10.0,India,Power,Renewables,106.38666379386771,1996.0,18.12188523959857,341.5716107373357
197.0,Germany,,Renewables,105.53418087809969,1992.0,59.117653228420025,564.0905313793787
619.0,USA,Transport,Renewables,105.83460754506815,2013.0,37.09282480211588,477.78900380674145
82.0,China,power,Coal,80.92790773960604,1990.0,53.497977272536225,319.9299682223165
399.0,china ,power,Oil,125.47280664303292,2012.0,46.074574417690265,489.81364899019695
502.0,usa,Industry,coal,82.64000000922906,2007.0,47.13876409957053,623.4247815427473
635.0,usa,Residential,coal,84.73702353712571,1994.0,51.058623980480526,470.6146439288631
240.0,India,Industry,Oil,125.23164795634267,2009.0,44.783910881459775,436.6571035802848
310.0,USA,Transport,,147.27435738593402,2004.0,,518.9405900779561
212.0,India,Industry,coal,337.7088752548826,2021.0,39.946939765185334,2452.6552478673248
835.0,USA,Residential,Coal,81.15868196875267,2017.0,49.87356187658221,512.6514454569667
381.0,India,Transport,,105.24724760647325,2002.0,46.4051120979638,434.6704022140605
602.0,India,,coal,93.4927424329717,1993.0,52.218835087721,498.7419936497888
228.0,India,Industry,Coal,128.8799333114909,1994.0,62.7041646058122,444.6425492994538
874.0,UK,Industry,Renewables,91.54974531155914,2021.0,75.7107015662954,473.5415753111414
360.0,China,Transport,coal,93.65308814542783,2018.0,48.45461005770131,413.08060214483976
814.0,UK,Industry,coal,89.90895125831565,2005.0,57.83964247889247,650.1390107159541
178.0,china ,Residential,Oil,101.7932450221652,2005.0,59.150947395829505,672.8879887396686
995.0,USA,Industry,Natural Gas,66.70780529932466,2022.0,62.637668460554764,688.599033588282
757.0,China,,Renewables,61.33117786428038,1992.0,48.17172689396706,428.4346298696762
494.0,China,Transport,Oil,83.00160908622708,1991.0,50.41457121134089,511.0165348694541
335.0,UK,Power,Coal,403.632616378576,2009.0,51.777848538289604,431.63022147459463
893.0,UK,Transport,Oil,,2010.0,41.767949026985775,460.01770593138224
8.0,china ,Power,Renewables,101.66161028564102,2017.0,47.85825462864499,535.5056278238919
156.0,India,Residential,Renewables,140.4523995680394,1998.0,33.995964382421306,541.9336469773964
843.0,usa,Residential,Oil,125.82807096432016,1996.0,44.132169704905145,410.90774079551466
751.0,usa,Transport,coal,83.92055202386044,2004.0,57.65449238432276,509.18357582683467
942.0,UK,Industry,,114.45177003240211,2014.0,32.557578730607126,415.961029366041
483.0,China,,Oil,110.72782744568919,2013.0,42.96507118346813,506.3263154804086
847.0,India,,Renewables,105.12109728566519,2008.0,63.48880347121278,705.2841613079871
750.0,china ,Residential,Natural Gas,132.20343058757214,2007.0,41.98933009600176,
904.0,china ,Transport,Oil,74.24961947881403,2021.0,31.326554313004937,569.6759143019159
592.0,China,power,Natural Gas,93.82557693442985,2005.0,26.550296169181337,452.1461699577046
953.0,China,Residential,,284.5723580206452,2021.0,48.00333573862602,241.09360653115004
581.0,Germany,Transport,Renewables,96.62986738130263,2013.0,57.841664442175585,392.65608808925117
440.0,China,,Renewables,101.70707237775618,2015.0,37.40567389562436,610.2289374929152
543.0,UK,power,,108.50604808455724,1997.0,54.779438773339066,498.9322135733356
597.0,China,Industry,Renewables,104.39834301211869,2012.0,61.12870140768497,702.0359535470601
724.0,USA,Industry,,120.95825938261157,2020.0,41.416446458805765,538.3436262596614
678.0,UK,Power,Renewables,101.21217671349866,2016.0,34.16350174839502,544.0784932342176
479.0,china ,Residential,,141.6469748819117,1990.0,47.420106948260646,561.6225778793552
,china ,Industry,Coal,106.85224796427781,1995.0,45.37742719919149,557.2918484129046
975.0,UK,Transport,Natural Gas,119.55136064323091,2004.0,55.89781475534338,629.4185349662287
815.0,usa,Industry,Oil,65.03236687718271,,45.85384250223027,557.1767054571167
213.0,China,,coal,115.91406283399485,2012.0,46.48427921399873,532.0301933048545
80.0,China,,Coal,116.25914224731298,2023.0,58.71075728845595,407.5704276848371
149.0,UK,Power,Oil,82.2448398957753,1998.0,53.986951836222374,503.93458424563056
303.0,India,Residential,Coal,71.70094778567119,1999.0,32.918149306834096,366.4947904573104
356.0,USA,Power,Coal,106.10639559094132,2009.0,47.17423901213542,434.4622483932315
430.0,UK,power,Natural Gas,107.94489218482906,2007.0,46.23089675590151,494.38548680147954
520.0,china ,,Oil,115.85865880971836,2005.0,40.24225492609045,483.90636452009306
363.0,China,,Natural Gas,125.64197841917108,2023.0,41.8549578923839,515.3930193099005
595.0,UK,Residential,Renewables,125.41399170184383,2015.0,42.78583650254113,554.6128353193551
358.0,USA,power,coal,150.9366656289729,2006.0,48.28028393707325,387.73685549606546
134.0,India,,coal,99.5638932383633,2004.0,30.239995522791663,458.76156051996674
830.0,India,power,Oil,92.43409451477577,2010.0,53.79602101786254,444.2998905156011
312.0,China,Industry,,,2011.0,45.966323266535106,443.6610335038995
622.0,India,Power,Coal,116.26147263258997,2012.0,48.245511702704896,597.1609563251387
465.0,USA,power,Coal,106.53597819779561,2020.0,58.29380793589196,533.832518878458
994.0,Germany,power,Renewables,108.54194633583336,2021.0,50.674058868378026,361.8615125447751
1.0,china ,Transport,Oil,115.18421999839666,1992.0,47.65340662453437,452.54010313962215
317.0,USA,Industry,Renewables,89.83089319940512,2009.0,43.1116760567541,509.7798313402711
723.0,china ,Industry,coal,85.41841673794602,1991.0,,578.008072222146
560.0,usa,Transport,Renewables,87.68742651004871,2006.0,,470.1179612574341
372.0,usa,Transport,,112.36969025573045,1992.0,54.46030955252126,559.452107545652
545.0,China,,Coal,68.70173261561462,2013.0,67.47687464282984,595.3001592765982
850.0,usa,power,Natural Gas,107.26238683342714,2016.0,36.73801844357116,636.586533518599
395.0,UK,,Coal,91.9156597605278,2021.0,49.856455334358515,392.39943498610893
173.0,China,Residential,,115.77798596066901,2015.0,45.908833863447484,542.9132861522295
126.0,Germany,power,Renewables,97.16608647904754,2011.0,47.10635574882171,
899.0,china ,Transport,Renewables,102.26192275640474,1999.0,67.85871124304117,513.5108067134064
579.0,Germany,Transport,Natural Gas,404.18850996317474,2023.0,54.60440507579736,521.6972790036873
949.0,Germany,Industry,,83.31271642007967,2009.0,49.33945001102523,530.2697994376732
921.0,USA,Residential,Oil,140.9163457617657,2021.0,61.41628864329489,399.016992390109
91.0,China,power,,61.042267254730554,2002.0,60.66683108714503,540.5719196379237
971.0,china ,power,Natural Gas,118.3348983811844,2020.0,55.89123947667514,463.2841480046136
182.0,Germany,Residential,Renewables,276.2053733501199,2019.0,35.57273278626754,553.2411316043031
364.0,usa,,Renewables,102.33738764682226,1996.0,63.8432441815425,551.9036078049627
275.0,china ,power,Oil,134.43702325888663,2014.0,44.54890009776663,467.9715387233726
913.0,USA,power,,83.65196377822558,1996.0,50.71324316124489,312.27760730548005
,china ,Residential,,,2013.0,60.894219244900505,549.8186142256155
292.0,Germany,Transport,Natural Gas,107.77440246102218,2021.0,46.88648573223975,532.0368564292742
132.0,India,Industry,Renewables,104.4702221265833,1991.0,,353.1132435134008
301.0,India,Residential,,96.29669542050253,2012.0,39.440741864891564,462.75138784946455
448.0,china ,Power,Renewables,86.9183998037136,2017.0,71.34962939679394,371.2367803554466
327.0,USA,,Oil,94.12922315684867,2002.0,45.87008365910256,479.94794687470255
145.0,USA,Industry,Natural Gas,101.7214572998735,2021.0,65.41672811796367,453.7043897391528
552.0,USA,Transport,Oil,108.54911849990232,2008.0,41.75728822682991,403.8502001628599
596.0,Germany,Power,,112.61631698289239,2023.0,48.521934964528825,420.65035416646884
656.0,China,power,,86.67522551483545,2001.0,47.526722669221776,565.0922158040969
136.0,China,Power,coal,129.14717116542042,2018.0,50.11928237400157,548.0050268005002
431.0,UK,power,coal,74.63928900997693,2005.0,57.590903953883966,627.5093021881698
165.0,china ,Industry,Coal,77.164718149684,1995.0,42.34777633995307,603.8936761436433
29.0,usa,Power,Coal,89.24620605144274,2022.0,49.096259688815586,541.2630623065876
588.0,usa,Residential,Renewables,65.17861379874702,2013.0,56.15778849087924,596.9381786948996
194.0,India,Industry,Oil,98.50070098321905,2007.0,46.77641449154758,582.4098456662631
791.0,UK,Transport,coal,,2023.0,51.86013378199094,456.59881874329915
653.0,Germany,Residential,Oil,107.42425736113661,2023.0,71.02436676981839,316.1387223504304
170.0,china ,,Renewables,63.39217736181704,2020.0,51.21254683103932,485.206069809241
514.0,usa,Residential,Coal,77.45153887706984,2019.0,49.50403237975254,281.66510815702225
141.0,china ,,,107.15248518647789,2003.0,,645.8639448503105
174.0,Germany,power,Renewables,unknown,,49.814953967703374,1713.3164684331914
7.0,UK,Transport,Oil,123.93789903604832,1999.0,50.86425418786191,585.6939303718109
657.0,UK,Power,Natural Gas,106.24139195589935,1990.0,45.9921035502051,572.4623146764394
965.0,usa,power,Oil,65.6249821427567,2009.0,68.23491469299441,365.6428516327106
74.0,UK,power,Coal,106.63943467906965,2022.0,57.49043944526039,447.6942759961414
765.0,USA,power,coal,71.62582924905053,1994.0,57.01496868118987,561.1757575961315
654.0,China,,Renewables,123.0647715709048,2020.0,47.43790427860016,364.56210700456063
239.0,china ,,Natural Gas,95.23443078600833,2016.0,55.30566604537734,497.697754156459
146.0,china ,,Renewables,112.77566158896418,2016.0,34.2058501050694,360.7723819144096
809.0,Germany,Industry,Coal,105.0772241802917,2007.0,53.612215964008804,411.0756311105899
235.0,USA,,Coal,68.78218194491869,1991.0,63.658386055564634,565.5971464959641
221.0,USA,Transport,,95.5148968248486,1997.0,54.040586174594175,285.5959874325331
501.0,,Transport,Natural Gas,124.28539300918558,2019.0,60.244989488654866,453.08258005379923
674.0,USA,,,105.03575413787878,1995.0,48.99690359007447,491.3812664181891
133.0,USA,power,Renewables,101.44755172562068,2002.0,46.71337984837704,616.8843557402719
447.0,China,Residential,coal,112.62113036043012,2021.0,27.260497907634548,527.3857280399125
434.0,India,Transport,coal,90.18455740354239,,53.4190502126547,526.3080801712223
671.0,India,Power,Natural Gas,113.24962120329032,2006.0,51.374763451411454,362.021758840055
186.0,china ,Transport,Renewables,106.06245923183687,2004.0,64.20176962693374,419.06725743179936
42.0,usa,Residential,,126.13114923528695,2011.0,40.072348242481795,499.4632527606518
626.0,USA,Power,,108.87227845364357,2010.0,46.54083699400006,579.4096374959444
109.0,china ,power,Oil,106.14129033140486,2018.0,51.817646831997635,421.9787077633598
604.0,USA,Power,Oil,465.1630146687045,1990.0,52.52317905730539,476.1237280111752
57.0,China,Transport,Coal,117.00187978633618,2019.0,39.42942832284224,N/A
429.0,china ,Power,Natural Gas,99.63393031957021,1996.0,59.096211314190064,529.2892569154715
469.0,china ,Industry,Oil,89.52911237426285,2020.0,57.61727129407676,515.1179643112906
577.0,usa,Residential,,109.23024810031617,2003.0,34.299767069204634,651.8624039456428
878.0,usa,power,Natural Gas,74.39749386133622,2009.0,47.9109146779136,369.479190219469
25.0,UK,Industry,Oil,71.10885112950406,2021.0,38.677172445227185,445.64070762763424
441.0,India,Residential,coal,112.6981560822744,2003.0,43.28924573093456,385.58508555829394
883.0,India,Industry,coal,85.42909955359987,2018.0,52.230875603804996,574.4147788948119
544.0,USA,Industry,coal,144.37479354401682,2000.0,60.18812079700944,364.3261932743808
634.0,china ,power,Oil,85.61513324074068,2000.0,54.62465305802651,325.8609393673474
831.0,Germany,Power,coal,91.6444040513644,1997.0,37.64636973327548,445.39020243829566
945.0,usa,,Coal,83.37201065465094,2022.0,63.92164005221382,590.9297226349221
339.0,USA,Residential,,113.75726654374036,2019.0,53.47665246407426,515.8831939728892
52.0,India,Transport,Oil,121.13310567545585,1995.0,57.04222289484417,491.07613334575785
384.0,,Transport,coal,73.42789560808873,2011.0,50.840584358369355,513.0266618869024
528.0,USA,Power,Natural Gas,120.55408813211379,1997.0,48.3127782180273,504.595939611877
939.0,usa,Power,coal,72.35080150107817,2019.0,49.286081316893494,626.1463984866183
888.0,China,power,,104.23499436162254,1996.0,45.998064989856275,527.2916114252689
265.0,UK,,coal,124.77264096082241,1994.0,57.433121295429196,401.91415635757085
550.0,usa,Power,Natural Gas,103.3545164410244,2006.0,56.64387534235627,339.6654090341257
914.0,India,Industry,coal,108.71349821811823,2015.0,24.505769444153024,485.1152484837886
698.0,Germany,power,Renewables,75.52220525544789,,43.23889264743871,644.9156603396452
396.0,usa,Power,Natural Gas,102.58822516551196,1994.0,48.69877370310113,199.37555718903195
530.0,India,power,Coal,90.58342046972348,2001.0,38.976905257587084,523.4915247519441
869.0,USA,,coal,108.52239052809323,2008.0,52.94341187618399,507.98307918829767
19.0,China,,Renewables,124.2147907787817,2016.0,51.231060845876094,610.501843885161
732.0,china ,power,,125.39357679204268,1997.0,39.9158006906881,522.8946380204239
679.0,Germany,Industry,,108.76765160256807,2002.0,54.17201574379194,442.79975617368655
582.0,China,Residential,coal,103.98975884554827,1998.0,69.21167620569041,559.8848007436608
977.0,China,Residential,coal,72.47915472421292,2017.0,69.2837356580892,575.5996052776917
368.0,Germany,power,,97.9424591181668,1999.0,35.79804382718249,423.89748155056526
84.0,usa,,,61.269625309837686,2018.0,54.967755737669094,514.7351273143245
62.0,China,Power,Natural Gas,82.89338971221483,2023.0,49.55239692387826,289.488881193721
842.0,usa,Transport,Oil,109.86344006403442,1999.0,53.91488373130501,597.00370736638
273.0,China,Transport,coal,83.83716291185462,1991.0,39.57538383068764,437.07324010744554
286.0,usa,power,coal,92.89832203551907,2001.0,40.26377990384373,478.5588138293307
361.0,usa,,coal,126.6295761479559,2008.0,69.26207562732577,377.3929407183693
355.0,usa,Industry,Coal,116.17971030065952,2019.0,58.659526839166446,298.4816335642263
482.0,China,power,coal,113.48802482988638,2006.0,59.33740292537338,416.64979602824616
279.0,India,Industry,coal,89.64174699892419,2013.0,48.28973253454376,542.2878846753331
13.0,India,power,Coal,112.68482286118444,2008.0,36.51846425981734,402.1152161676654
183.0,usa,Power,Oil,82.81319432601379,2001.0,41.40972461131291,692.9330786688946
369.0,USA,Power,Renewables,115.9650814285089,2021.0,58.21454429253406,437.0727209226086
600.0,China,Transport,coal,87.56745651928193,2001.0,63.54441072784276,421.3934900347861
631.0,,Industry,Renewables,94.62010985393317,1999.0,57.2875928314378,393.4010886461071
224.0,USA,Industry,Oil,108.65457198260368,1995.0,42.46815875596334,335.4076153553983
972.0,china ,power,Renewables,86.14537071022632,2003.0,51.68558301298035,481.6665656499215
715.0,India,Industry,Oil,95.64918502832113,1993.0,40.521852448715535,614.3675739404825
778.0,India,Residential,,114.89168054399359,2012.0,37.79475825281954,637.8671417303589
558.0,china ,Residential,coal,95.72575696008236,2002.0,50.14490197319791,454.75194400135985
466.0,UK,,,132.58019206698538,2018.0,59.005778181932165,452.2959259223179
598.0,Germany,Industry,Oil,73.47809881906286,2020.0,52.38480811363931,506.0100193906401
708.0,china ,Transport,Coal,78.02595045230599,1996.0,51.215072968407426,487.5352261674957
177.0,china ,,Renewables,91.47145949773665,2000.0,43.110415885415044,500.7593935378124
681.0,china ,Industry,coal,124.86366874428717,1995.0,69.07808788981279,557.7580180331922
854.0,China,power,Renewables,100.19862039466543,1995.0,41.07145359122269,639.6341493160928
955.0,usa,Industry,Natural Gas,105.2770340214787,2014.0,53.2456753487414,575.3433693247337
457.0,usa,Power,Renewables,110.47520434891359,1997.0,45.2653787682445,512.2239751848496
533.0,china ,,coal,70.4534391818772,2020.0,46.58412078491272,356.7403370208459
394.0,China,Industry,Coal,100.88518772140658,2017.0,39.40049921015283,448.1448392788905
164.0,china ,,Renewables,77.52197066269814,2017.0,41.82704539119358,553.5045191703998
249.0,Germany,Residential,Coal,100.77731124097127,2004.0,43.32692332645618,333.46909213223626
650.0,India,Transport,Natural Gas,102.62204181371837,1998.0,31.87665416229278,491.994225146591
903.0,China,Residential,Coal,106.82254626879417,2006.0,47.76557090136872,306.63629589903223
685.0,India,Residential,Oil,122.2903256843692,2014.0,54.02192637447722,638.5789422359808
376.0,India,Transport,Coal,87.04623948633139,1997.0,54.08849018998742,393.50667108418617
413.0,usa,Power,Renewables,97.02944895276734,2004.0,37.76803098278857,546.8243298071535
75.0,china ,Residential,Oil,90.2648598298143,2008.0,54.62013309929285,483.4992638633658
114.0,Germany,Industry,Renewables,138.29424611995984,2018.0,50.76953990225545,611.6188064433849
584.0,UK,Industry,Natural Gas,92.12485367053576,2009.0,56.9172108070769,524.9365591126608
573.0,UK,power,coal,103.6962654152837,2005.0,51.87931652271149,474.0024011331766
391.0,usa,Industry,coal,111.53676335749188,1991.0,38.60308294952792,579.425667816207
105.0,usa,,Coal,108.92000189334371,2014.0,43.50481789096169,403.34765990729363
115.0,Germany,Power,,120.24135729407716,2008.0,65.00649789733042,395.7460552517116
418.0,USA,power,Renewables,76.426738210575,1998.0,48.86936535972969,465.01341610042067
669.0,India,Transport,Oil,129.40641544072972,2015.0,65.3316411668543,492.76023759723824
458.0,china ,Residential,,105.42842987601885,1997.0,56.80765748655567,444.57704568523394
410.0,Germany,Power,Oil,101.95351711120558,2001.0,45.74138413598402,356.8803777421373
93.0,Germany,Transport,,121.42249147569302,2015.0,41.937818331909554,534.5151149806441
820.0,UK,Power,Renewables,97.07315292690328,2015.0,51.662341319881214,431.4231592154683
90.0,china ,Residential,Oil,90.22037025141684,1996.0,32.402407798223734,
337.0,,Industry,Natural Gas,76.03631934795328,2018.0,41.66363855091548,483.19325227856996
319.0,china ,power,coal,116.58649647856318,2004.0,46.112835090627726,449.2852257227839
940.0,USA,,Natural Gas,130.81571623989498,2009.0,57.24596996442464,407.6693898149466
952.0,China,power,,105.95712188412043,2023.0,51.17858652247548,298.9306090417933
884.0,UK,,coal,74.43883041764397,2023.0,60.56184139626095,638.6540134991816
621.0,India,power,Coal,110.06569337633297,1995.0,50.00710121565964,505.3540630615501
790.0,UK,Power,,83.1144196295401,2017.0,54.127827528239266,530.2358693016912
627.0,USA,,,112.34060340641392,2017.0,34.93126681196833,603.5736507429506
95.0,China,Industry,Oil,96.98328758786889,1996.0,40.22019789457475,492.2847351391895
12.0,India,Residential,Coal,122.4435005760337,2009.0,46.85336382653219,557.5679522535459
397.0,USA,Residential,,104.55306565262609,1999.0,52.49634475788989,518.2515996581355
546.0,China,Transport,Coal,95.6561329987807,2010.0,40.50042045753218,407.5707541144135
44.0,usa,power,coal,unknown,2018.0,43.7539909323166,347.29010850171306
43.0,china ,Transport,coal,81.90970622021135,1998.0,57.80815427814137,427.9732281589463
168.0,India,Transport,Oil,119.13713758551148,2005.0,34.89769754583102,604.5311430103959
417.0,Germany,Residential,Coal,99.1885634650965,2021.0,64.5328230625247,493.14727551424755
877.0,UK,Industry,Natural Gas,92.66997888975797,1994.0,54.25535774857266,410.60446092374195
427.0,USA,,Oil,104.03799119256901,2001.0,44.8591694728614,394.1474313542885
900.0,USA,,,81.2134652426812,1991.0,52.970557714919096,472.3782003999573
981.0,usa,Industry,Natural Gas,91.59209755276746,1999.0,54.474555421329704,442.6717377423066
976.0,usa,,coal,84.94310461228552,2001.0,51.46916276637929,474.7961263413712
688.0,USA,Industry,,115.46026724507622,1994.0,86.57701803999075,501.4819231562963
258.0,India,,Renewables,110.56606069333837,2003.0,39.04893948064399,362.2542592974627
336.0,UK,Residential,Renewables,116.70988555841522,1997.0,51.41761035578557,576.4298080938507
16.0,India,power,Natural Gas,129.16865416298344,1990.0,46.726798037251434,342.90719428782324
645.0,China,Industry,Natural Gas,,2015.0,44.33432805471031,129.12033906767084
325.0,Germany,,Oil,91.28339318156975,2015.0,34.11052717083891,434.4236257294309
775.0,usa,Transport,Natural Gas,81.93313027406003,1992.0,45.579931680395966,688.5382316014634
223.0,,power,Renewables,93.2804098085411,2011.0,46.735461109493166,N/A
180.0,Germany,Residential,Natural Gas,84.10878945182891,1991.0,62.32213956339769,521.5819473218603
369.0,USA,Power,Renewables,115.9650814285089,2021.0,58.21454429253406,437.0727209226086
522.0,UK,,coal,67.64332188883355,2021.0,54.59390416327854,631.8105360497067
23.0,China,Industry,coal,92.12037273395157,2013.0,44.59746996664233,451.5773118518048
357.0,India,,Coal,101.1115111999632,2001.0,48.28282433403779,541.8463859113793
962.0,usa,Transport,coal,62.45114229527782,1999.0,28.506864490818668,701.5530261362825
906.0,usa,,Oil,,2005.0,60.79681204722377,501.6171798945746
341.0,India,Residential,Coal,92.46009681665927,2009.0,46.08520049911808,500.0221516397
432.0,china ,,coal,102.4665814878108,1993.0,39.619114961837134,579.0870112203894
774.0,Germany,power,coal,92.69274018454537,2002.0,53.78070796001403,N/A
851.0,Germany,Residential,,102.63439779068632,2018.0,63.66472842343359,663.0734954636373
204.0,usa,power,Oil,103.23126026879979,2002.0,54.992600313827985,393.4664305880744
918.0,china ,Transport,Natural Gas,87.44233571116422,2022.0,54.08726934974574,N/A
94.0,China,,Oil,85.43686447864425,1992.0,49.36626832368014,415.02586678400786
571.0,usa,power,Oil,62.40878743979956,2016.0,68.89994897320516,357.33241047796605
69.0,Germany,Transport,,86.17365257966446,2017.0,66.90009933603761,390.6513266314033
755.0,China,,,133.670929975569,2009.0,51.38298116799911,552.1214578359354
285.0,China,power,,93.02030606752828,2010.0,44.446576961366745,498.5660290026842
928.0,china ,Residential,Coal,135.27114880013437,2008.0,46.69119865616703,662.0840176903156
435.0,China,Power,Renewables,121.24468660699206,2002.0,49.11420969180332,403.7801050678336
154.0,India,,Natural Gas,90.73670267057068,2014.0,35.27013612258244,580.8110561756063
76.0,India,,,102.83670334285807,1992.0,48.297731084082564,608.2683516983682
747.0,USA,,Coal,115.65674329475785,2012.0,46.48374832139076,476.35123510957266
447.0,China,Residential,coal,112.62113036043012,2021.0,27.260497907634548,527.3857280399125
189.0,India,power,Renewables,107.7977363894479,2015.0,48.83609337139224,511.4528795786582
272.0,Germany,Industry,Natural Gas,117.1862019538689,2008.0,,509.3029619593424
237.0,China,,Renewables,88.55405894431868,2000.0,48.296990344893736,555.0826582176122
488.0,USA,Industry,coal,133.9065906573938,1997.0,55.68709016035673,395.95362293807216
118.0,UK,Residential,Renewables,128.5864852542571,2004.0,47.38670940548532,480.1933502475224
836.0,USA,Transport,Coal,109.08027603433536,2018.0,51.26000519044067,474.9789727235858
513.0,Germany,Industry,Oil,119.23708712409876,2012.0,53.86003314959801,545.2323232964981
143.0,Germany,Residential,coal,90.0500268318972,2000.0,38.32273312389739,665.7142464927699
,USA,Industry,Natural Gas,122.27897266431322,2023.0,48.24482572212951,518.7914711191918
,china ,,Oil,97.53643570379901,1995.0,51.57044247208671,577.1117751462053
117.0,USA,Transport,Natural Gas,523.9308466820346,1991.0,42.30689975508065,1887.5978743879725
474.0,USA,Industry,Oil,132.83053897288303,2002.0,47.7682882852658,519.4804915160635
709.0,Germany,Power,,105.71837320951965,1990.0,55.0745433828654,388.9443751032991
58.0,Germany,power,Coal,117.51431724801961,2006.0,40.39203539162423,420.07142861337286
690.0,usa,Power,Oil,85.61360019740894,2009.0,60.84429577384396,289.82956718901977
930.0,UK,Transport,,103.38883661719373,2000.0,40.363099431481665,481.8765366121306
370.0,Germany,power,,96.08278359824324,2004.0,50.45616429321544,543.7441077665586
269.0,usa,,Renewables,117.04702713788944,2014.0,44.63276889916971,572.2720979453153
47.0,china ,,coal,88.34726251401096,2021.0,61.24695856796896,327.9389007503658
350.0,Germany,Industry,Renewables,117.15766212262861,2006.0,51.986961843814036,583.6301800671722
196.0,usa,Power,coal,,1992.0,63.51502903456121,580.4770521893766
497.0,USA,power,coal,144.7948607985573,2019.0,33.00502571321556,472.6350212321987
852.0,Germany,power,Coal,82.02278786082815,2009.0,49.481348331944396,526.1838986406381
707.0,usa,power,Natural Gas,132.33140988234834,2006.0,66.67062436142176,676.2990315375771
753.0,China,power,Renewables,78.29087846207568,1998.0,45.88145488955232,363.66437421197503
264.0,china ,Transport,Renewables,74.53680461514935,2005.0,55.19863439799813,N/A
444.0,china ,,Natural Gas,103.32531291801467,1997.0,25.87886094949583,560.9851543799615
959.0,China,Industry,Coal,111.74275368425695,2001.0,62.32921095047247,440.4479209664021
305.0,India,,coal,88.74773034342688,2008.0,61.7685624361858,564.7325611462225
342.0,India,power,Coal,111.51559565332906,2005.0,48.406645753041964,665.1449830275244
614.0,Germany,Industry,coal,110.34393669078027,2022.0,58.002253380013485,679.5108448343941
987.0,China,power,Oil,76.92752019434649,2001.0,41.572033977581384,499.46085002731337
150.0,India,Industry,Natural Gas,102.29738087077764,2017.0,45.10760767000905,604.9049606854337
125.0,USA,Power,Coal,95.9829704341876,1997.0,47.301594593281834,395.01744664818693
803.0,India,Residential,Oil,88.5865730277335,2010.0,51.83060220372871,582.5018579721759
870.0,USA,Industry,Renewables,96.33617308565755,1995.0,66.65309046060091,383.5202984919765
51.0,UK,Residential,,81.85747307489498,1991.0,43.647725334707985,348.15463410329085
354.0,India,,Coal,78.69630631833108,2020.0,42.602831824974395,586.3218979017423
946.0,USA,power,Oil,113.95173200694357,2002.0,53.2626978292838,652.6332728412694
143.0,Germany,Residential,coal,90.0500268318972,2000.0,38.32273312389739,665.7142464927699
471.0,Germany,Power,Coal,81.81270460718774,2009.0,39.35141595270048,464.154739401285
400.0,USA,Power,Natural Gas,90.034642337993,2006.0,56.921195050884904,593.3746208837993
717.0,USA,Transport,Coal,83.55136845490274,2017.0,50.70890652822065,435.7007609881041
321.0,usa,Industry,coal,116.99433512809222,2009.0,59.15985355945795,516.0316428786997
20.0,Germany,Industry,Natural Gas,112.38074396572587,2012.0,59.24334282991782,718.5779812271168
827.0,UK,Industry,,99.0278621025437,2002.0,33.87981099327473,459.9520507193162
807.0,USA,Industry,Coal,72.4654059499274,1991.0,40.450113521133595,460.68962496621214
826.0,Germany,Power,coal,110.77612423503908,2001.0,47.14121703806525,376.5110955874217
408.0,USA,power,Natural Gas,102.83722110414999,2014.0,63.31588032487699,406.33065201894686
538.0,usa,Transport,Natural Gas,83.0122616968819,2010.0,65.79940107943446,476.79754895833617
636.0,China,Residential,,102.7150775983533,2018.0,58.246673344105616,503.98575415849723
39.0,Germany,power,Coal,606.7599300812491,2005.0,58.42831244728431,1900.0100325447704
176.0,India,Transport,Renewables,74.33645144140384,2002.0,54.27133728687661,498.206451942486
246.0,USA,,Oil,86.07160414154794,1992.0,70.77677132919443,593.0959285887998
846.0,USA,power,coal,95.59490797007824,2004.0,51.41440512923354,475.86572275969905
683.0,china ,Transport,Oil,85.89148703841649,2011.0,47.4851074250851,607.1023946360768
771.0,USA,,coal,72.37780488170506,2009.0,45.83442370161797,525.5517756641375
969.0,USA,power,Natural Gas,486.59534167428046,2016.0,61.37805822697871,2472.7437352437123
155.0,USA,Transport,Natural Gas,83.93272407879458,1997.0,61.89891053874991,363.6457828812577
288.0,India,Power,Natural Gas,112.69080576114449,2009.0,48.26846898200302,572.1696518445576
618.0,USA,Power,coal,87.3018616051517,2010.0,60.69279457572441,440.51266388337575
570.0,UK,Power,Renewables,121.19881112118301,1993.0,58.94530217388517,457.61645781006234
,UK,Power,Renewables,90.52857532457384,2021.0,62.566858059021015,573.8796517200235
18.0,,power,Oil,81.16820965298709,2001.0,51.78030734679373,537.6908941626401
128.0,India,Residential,,122.38525889550526,2001.0,60.1938597696021,630.5626761568009
323.0,India,Transport,coal,120.76479185731515,1992.0,56.09733567849832,565.4536849827144
256.0,USA,Industry,Coal,94.75652594272319,2011.0,48.15761960554497,547.4537346465531
689.0,USA,Transport,Renewables,66.21883101342208,2015.0,53.617857622617386,399.38330875848686
985.0,China,Residential,Coal,99.95667093544228,2003.0,44.68110642498243,660.016363886506
191.0,Germany,Industry,Oil,unknown,2001.0,60.55544602131975,662.4839044654841
116.0,UK,power,Natural Gas,54.3170428503532,2008.0,59.08336161081095,409.69367609039955
632.0,UK,Industry,,,2014.0,36.02502676080736,580.0157962585735
607.0,Germany,Residential,Coal,98.03122027688735,2019.0,57.2068947119423,
181.0,UK,Power,Coal,88.98616856939374,2019.0,64.32872431267081,481.9873868902179
302.0,China,power,Oil,68.14394401295029,2014.0,49.84707339038542,561.2232686791106
941.0,India,Transport,Oil,101.39096175514486,2017.0,55.15054626352334,401.32448108287633
729.0,China,Power,,613.7706202714778,2020.0,53.656485866559045,1908.3785773471536
740.0,China,Residential,Oil,70.86324261213355,2023.0,55.947649147769305,602.9712895535159
346.0,USA,Residential,coal,105.34813964710928,2012.0,47.564895440981054,536.2542570136438
788.0,usa,Industry,,279.151807146069,2019.0,34.515425432317286,634.1749483751598
518.0,china ,Power,Natural Gas,113.44121038187535,2000.0,51.33486745442665,443.6052136888571
243.0,Germany,power,,273.11858227103727,2016.0,53.91843687997405,545.2053758084224
46.0,Germany,power,Natural Gas,107.93788451662502,2002.0,48.28649007196381,557.0342126806361
927.0,UK,Residential,Oil,117.12901360030318,1993.0,33.69318219075683,532.5883463350234
158.0,china ,Industry,Natural Gas,244.63551481824953,2006.0,47.35385296627871,534.3233798400075
761.0,UK,Residential,Coal,95.64095893462708,1993.0,44.31975566707409,542.9116929161
172.0,China,power,Renewables,77.6276133113288,2010.0,49.59205510215039,378.9842975769312
17.0,usa,Transport,,94.24817961099623,1993.0,38.478306204799814,435.11478165901104
512.0,china ,Residential,Renewables,86.07695282073757,2020.0,37.52804395706569,459.30830159997197
49.0,USA,power,coal,112.35340736531498,2006.0,49.19434201687629,517.9065429273385
992.0,china ,Industry,Natural Gas,100.00842518474236,2005.0,48.22336743974938,469.15306667900956
858.0,China,power,Renewables,86.9010807839462,2005.0,52.015440017994216,324.65086425806203
516.0,Germany,,coal,115.69200636873417,1998.0,57.94437907998861,537.9892036803484
912.0,China,Residential,Oil,142.2174527404856,1993.0,59.31340923183002,611.7335540001984
481.0,Germany,,Renewables,95.56346437487416,2002.0,41.586688381910236,566.752211270234
284.0,Germany,Power,Natural Gas,82.30367266620706,1994.0,46.30646889953437,447.4346625916275
735.0,India,Residential,Natural Gas,101.20643829065945,2019.0,44.554778413056795,N/A
670.0,,Transport,coal,106.50863517072595,2002.0,60.0380154833248,602.6142044401965
226.0,UK,Transport,Coal,96.15352173855271,2021.0,64.47035459921203,430.12123814725453
27.0,Germany,Residential,Renewables,,1994.0,49.344854909412675,469.47339476349
799.0,china ,,Oil,129.6542958834483,1999.0,43.516897298563045,462.207663971486
438.0,china ,Transport,Natural Gas,111.13682357105841,2008.0,51.080007439469696,386.1618611444252
970.0,china ,Power,Oil,51.853115860321154,1991.0,44.089868264728935,564.2209772311262
365.0,India,Power,Oil,106.33885234024326,2023.0,46.251956155049285,601.8209584552696
230.0,usa,Power,Renewables,104.40139265933439,2014.0,59.07618276800207,602.4947556163763
38.0,Germany,Industry,,107.71768766168651,2012.0,64.18556686391851,604.0507977349105
986.0,China,power,coal,125.44117964679766,2023.0,47.34240181287108,582.6480870360276
375.0,china ,power,coal,96.62820758378501,2000.0,44.498622885219305,450.97784079847105
470.0,USA,Industry,coal,99.25286317516122,2010.0,40.063189892342585,632.1311714652524
988.0,usa,power,Oil,102.27248914988654,2011.0,53.86154688159816,410.6385498343946
868.0,china ,Power,Coal,100.05523671767872,1998.0,53.94071710113464,591.5019924919956
909.0,USA,Power,Renewables,103.96568708351023,1990.0,46.862587226457094,579.8768661473551
742.0,Germany,Power,Oil,70.73188083146623,1994.0,42.60981103001032,591.3850143408165
195.0,India,Industry,,374.1268350736989,2021.0,23.509004567329406,2443.342033405056
935.0,USA,,Renewables,111.95463416227248,2016.0,48.862614268153614,712.2026046300687
882.0,China,Residential,Oil,118.96242878201289,1993.0,38.36538368100008,354.93783466471916
504.0,Germany,Residential,Oil,unknown,2010.0,32.834581118135475,490.138235635944
990.0,India,Residential,Renewables,127.93256959014624,2011.0,53.45201777229469,405.13980948141625
848.0,Germany,Transport,Natural Gas,93.5352407095582,2002.0,64.97698516041463,564.4291526261254
580.0,UK,,,87.82827827987158,1992.0,49.27152832947828,405.24855263486074
989.0,china ,Industry,Coal,92.0712834113717,1995.0,53.11201313958819,589.8418671627151
163.0,China,,Coal,81.13233901260128,1998.0,43.59602320941394,479.94021850690683
718.0,Germany,,Renewables,126.33917673373408,2005.0,41.03968436234412,478.7316829779078
153.0,India,Residential,Coal,125.29156754676927,2004.0,53.605152149444976,575.9596190885736
697.0,USA,Industry,Coal,96.59640666986897,2003.0,47.65964228043424,408.047753386055
716.0,Germany,Transport,Renewables,70.21999289752057,2005.0,56.05458416820535,601.8453459263974
929.0,UK,Residential,Oil,67.0440378323193,2015.0,63.37806455426785,374.2582779420973
112.0,USA,Residential,Renewables,96.7164117675899,1996.0,44.96443374182628,575.6518098541026
227.0,USA,Residential,Natural Gas,449.6854748098418,2004.0,64.664557261574,2082.7447121971204
704.0,USA,power,coal,108.05643442165953,2009.0,52.556389751331636,
104.0,USA,Transport,,99.90601191119656,2005.0,38.064577255649695,470.01865430313376
422.0,usa,,Renewables,70.93669707491445,2010.0,47.189323620586336,601.6629674886309
420.0,UK,Power,Oil,98.98294957517851,2015.0,56.67660792646923,349.37586143736917
,China,,Oil,121.50786891292154,2010.0,47.681738307575245,565.669425966443
587.0,USA,power,Oil,96.29325754368483,1992.0,41.11536797641191,639.7035385028994
797.0,Germany,power,coal,116.23880656790584,,38.576603202332976,442.86302407122656
673.0,China,power,Oil,116.65798657194779,2003.0,43.71663851203767,591.504998266939
120.0,UK,Transport,,111.03118540424848,2000.0,44.85847483479256,763.1440405426517
54.0,UK,Transport,,78.36594320839197,2019.0,34.96778065587139,464.848819810072
152.0,usa,power,coal,81.56258056793476,2023.0,61.52944551822864,526.4613844068214
404.0,India,,Oil,123.93381635309275,2023.0,51.68922623332275,488.98913157439335
964.0,UK,Transport,Oil,73.00902303651262,2023.0,63.33488499505068,673.9323140242075
208.0,Germany,power,Renewables,108.42946899751806,1999.0,37.950643987719616,549.0915348926659
659.0,UK,,Natural Gas,87.60131625190208,1990.0,49.23636800679366,233.63458595626054
7.0,UK,Transport,Oil,123.93789903604832,1999.0,50.86425418786191,585.6939303718109
779.0,UK,Industry,,121.17008600902356,2003.0,53.79710524234558,482.3378246039597
9.0,China,Transport,Natural Gas,106.24983360514277,2010.0,49.16606378871116,469.10713556502617
825.0,India,Industry,Renewables,83.05140615764108,1996.0,70.4957492862454,578.2111276650944
37.0,China,Industry,Coal,80.15314320250299,2001.0,40.13775513717481,464.58472100614796
453.0,USA,Industry,coal,134.37700980809643,2023.0,52.02326814884141,502.6961156186352
652.0,china ,,,138.87206096366342,2010.0,43.21693267484804,399.43540136080503
254.0,USA,Transport,Renewables,110.64060386584904,2000.0,66.30581970330063,554.4037856773779
304.0,china ,power,Oil,48.13707631316515,2011.0,58.18172800364117,390.9832150791033
763.0,India,Industry,Renewables,128.4051386488392,2006.0,34.70651679486641,529.1044032861646
572.0,Germany,Transport,Renewables,76.21854268392305,1998.0,56.82135966745581,513.4412527902276
624.0,Germany,Power,coal,123.9067223600563,2016.0,67.59697192334312,423.0665415908701
859.0,Germany,,Coal,79.26097988050117,2007.0,42.35954218406157,468.60049036920475
759.0,UK,Power,Renewables,592.6244321524891,2006.0,38.16224049181472,2082.0273504019583
263.0,usa,Power,coal,76.03791873471565,1992.0,48.22061825008061,553.3703200968638
611.0,Germany,Industry,Renewables,149.34407421624985,2009.0,68.7557146003434,315.4991993566502
298.0,Germany,,Oil,95.69003595360262,2000.0,44.4843919107599,492.07033424715536
415.0,usa,,coal,339.264034299742,2002.0,32.60612388844205,2008.6768222105136
151.0,Germany,Industry,,74.34121341403412,2020.0,34.538378803891014,334.64178843751665
862.0,Germany,Transport,Coal,104.59852935786861,2008.0,44.39454823922027,485.84069518963094
641.0,china ,Residential,Oil,75.87457381434396,2019.0,55.06604027501984,450.7774478646258
907.0,India,Industry,Oil,103.47353292277053,2020.0,40.49137714533312,606.235670072292
551.0,usa,,Renewables,104.52601869643735,1995.0,43.20695230634264,600.1316245209956
808.0,china ,Transport,Natural Gas,90.71557805133548,2001.0,50.3675822654943,412.87889976515436
489.0,China,power,,489.33487085636045,2015.0,53.114675632610535,2045.8174697773418
711.0,China,Transport,coal,48.18908053759884,2002.0,51.34040886233024,527.3149317004206
148.0,usa,,,131.76088312139163,1991.0,64.07258975064946,438.5096471228398
147.0,china ,,Oil,107.34464598844427,2019.0,48.578145010117765,527.2569117203607
737.0,UK,Transport,coal,87.84947315307048,,43.11411975363373,549.0662156609859
950.0,china ,Industry,coal,123.42852695527745,2016.0,64.95844917653247,520.267836338519
756.0,India,power,Natural Gas,89.45757229169767,1995.0,44.957790360778404,618.6647475561491
660.0,Germany,,,148.14755167862438,1990.0,46.977035674613106,500.9120719501876
349.0,USA,,,95.89574051001608,2009.0,54.7527147397199,402.2662440781279
464.0,China,Industry,Oil,99.01933253133043,2001.0,44.38535643131316,601.6820493446502
326.0,China,Transport,Coal,101.3858812109778,2019.0,64.80108791954615,
187.0,UK,,Oil,107.35044605018741,2005.0,46.56117805187338,476.7181917779081
124.0,USA,Transport,Natural Gas,82.31969090881587,2021.0,66.93550790715355,476.35678199204193
871.0,USA,Residential,coal,73.09030327495556,2004.0,37.141973659354754,510.19509674063363
609.0,China,Industry,Coal,102.7659737957162,2010.0,42.21060359183759,416.75088217693684
144.0,China,,coal,86.22992984145648,2020.0,,610.5613112948723
979.0,India,Industry,Natural Gas,88.0720956412903,2013.0,42.070525026683995,723.3193846651186
198.0,China,Transport,Natural Gas,114.64281126970232,2019.0,32.666161379450855,539.4396524182841
610.0,USA,Residential,Renewables,93.20170988461567,2014.0,46.849032669678905,359.3525995965539
280.0,USA,Residential,Renewables,104.8209695421633,2000.0,39.37223172533835,222.57798240151857
294.0,usa,power,Renewables,86.51559187376273,2007.0,39.65863000943235,206.38379699008436
401.0,UK,Power,Natural Gas,82.68973630447987,1990.0,56.31217200495194,367.98097641675076
123.0,china ,Industry,Oil,,1991.0,58.80714388006484,541.6972074050458
184.0,UK,Residential,coal,122.84770287948251,1999.0,58.1354803997055,439.47584900748177
203.0,UK,Transport,Natural Gas,67.52085582477918,2010.0,40.76666055631212,507.226190097399
439.0,usa,Transport,Natural Gas,140.66587538932913,2002.0,48.583302146433965,620.9949258558712
247.0,China,Transport,Renewables,584.3414309396,2016.0,60.36191494391911,1989.8851112544169
416.0,India,,Oil,82.00424274431654,2006.0,57.04605819709075,405.36220126421824
793.0,Germany,Power,Oil,99.43819373183956,1999.0,31.733399829907764,332.8143386863695
782.0,china ,,,124.95622395832494,1998.0,41.57629194272656,520.3395310050255
924.0,UK,power,Natural Gas,129.1012116496354,1996.0,47.95378712073654,506.9515623700451
785.0,China,power,Oil,133.38457509280605,2008.0,62.90213811994244,673.1924682322397
905.0,USA,power,,101.92521552806765,2005.0,57.94739217055307,540.7458439947109
130.0,USA,Transport,Oil,120.06102619322368,2017.0,59.339451661017364,349.02257068457885
638.0,India,,Coal,72.92880287731214,1998.0,32.50011451176334,622.8228425498525
403.0,UK,Industry,,102.14320455564486,2020.0,50.33967612351482,474.969904041211
801.0,china ,Power,coal,117.07449344514555,2000.0,40.49864247116493,526.9022269261698
787.0,china ,Transport,Natural Gas,87.00357043718358,2012.0,62.11668486010926,537.6177551283735
736.0,china ,Power,Natural Gas,73.5345795378979,1999.0,35.151121017561124,642.8060777123246
931.0,UK,Residential,Renewables,97.32222146868568,2000.0,39.338667285266894,520.9529239702207
220.0,USA,Residential,coal,79.86878017824196,2017.0,44.72261775971873,519.628916781476
642.0,USA,Industry,Coal,74.39463181274121,2000.0,54.50856866488415,486.8765326630679
933.0,China,Power,Renewables,74.07952759497215,2001.0,51.11183143357245,566.678534467242
853.0,UK,Residential,Coal,137.64584467668377,2014.0,48.41030460730119,N/A
824.0,UK,Transport,coal,106.23628366954522,1997.0,45.33372612440907,600.3038978762463
938.0,USA,,Coal,97.1678037968838,1991.0,37.242038447000354,508.4201008339372
625.0,India,Power,Renewables,94.90200310263081,2007.0,48.55607181547029,496.9645878136351
856.0,Germany,Power,Natural Gas,138.5513877035639,2011.0,55.63863168924354,327.0497600367352
951.0,,Residential,,107.00683558456794,2005.0,59.72774396625016,689.9939666622889
387.0,usa,Transport,Oil,92.81954872288429,2007.0,54.36743540783482,209.88612181825914
993.0,China,Power,Coal,74.1697779780839,2014.0,64.42005797653515,296.6059383111504
,Germany,Transport,Oil,106.26237659494528,1998.0,48.89013028228265,610.5638510041111
268.0,India,Industry,Renewables,66.15762222885562,2008.0,39.96338788328198,277.75592254096756
837.0,usa,Power,Coal,106.23403604262437,2001.0,46.294999024923456,573.7712880053745
,,Power,coal,89.82565557804313,2020.0,,436.22050948834715
497.0,USA,power,coal,144.7948607985573,2019.0,33.00502571321556,472.6350212321987
113.0,Germany,Transport,,109.39996521526339,2003.0,47.97598011368656,499.7520168876839
692.0,USA,Industry,Coal,125.04425819519635,1995.0,44.22014613576325,507.2881532970875
233.0,usa,power,coal,117.18514449999681,2002.0,49.22638652380831,452.4144663406575
887.0,China,Industry,Oil,89.79330033584505,2020.0,47.93815199374237,563.1718031850615
608.0,china ,Industry,Renewables,91.32067715854379,1992.0,44.12860668008337,313.0834238999065
672.0,Germany,Transport,,82.67546103985501,2006.0,70.89342649851798,508.77794348089685
374.0,Germany,Power,Oil,97.18331274388285,2012.0,60.51183780149906,516.8209014684057
819.0,UK,Power,Renewables,109.50732068694424,1991.0,36.286331318176174,519.0425355065285
860.0,China,power,coal,99.03587837025876,1994.0,39.3500117489085,531.4373534199137
234.0,UK,Industry,coal,106.92355491665484,2007.0,67.58417857379125,493.0697970628887
802.0,USA,Industry,coal,104.72651805455551,2010.0,48.01314887051038,537.763146943291
677.0,usa,power,Natural Gas,303.7030277321102,2004.0,39.3078934303884,517.0828079423637
318.0,China,Industry,Oil,97.69654144460115,2022.0,51.427483360449564,484.931644137767
649.0,China,Power,Natural Gas,120.55355349602064,2019.0,63.434902081840626,532.5169130051951
411.0,usa,Residential,Oil,97.71424088796229,2006.0,55.391441179501506,444.70005671525877
916.0,USA,Industry,Renewables,106.89794016499839,2020.0,59.963509875907846,324.95922645524956
710.0,India,power,Coal,83.62006619682646,2021.0,58.35754013857501,370.8365283865609
359.0,UK,power,Coal,93.97489529346397,2019.0,45.983922893428705,561.4129279450443
259.0,USA,Power,Renewables,114.90808394690804,2013.0,60.74185392178971,422.5753886442975
745.0,China,Industry,Oil,98.30874001712384,1993.0,54.289203981809884,558.8206407040075
628.0,China,Industry,Oil,107.3477738126126,2011.0,49.9574101276079,433.8843315345847
633.0,Germany,Transport,Renewables,82.68267125741882,1997.0,45.652250702663984,515.1543208432469
283.0,UK,Power,Coal,92.22851793521747,1994.0,51.632102550273544,394.84473137747193
377.0,USA,Power,Natural Gas,,2018.0,62.377244855291366,425.9682429252495
385.0,usa,Transport,Coal,143.81650319745503,1993.0,53.12562173457743,525.8912747542776
225.0,Germany,Power,,88.11267255307588,2010.0,,608.9009324546452
974.0,UK,Residential,,50.22875476417032,2018.0,68.18010998947038,420.45620523630345
966.0,usa,Residential,coal,125.49978238600087,1991.0,47.620992482308246,465.2802740382142
473.0,Germany,Transport,coal,98.95960623083973,1993.0,51.2754239437051,424.77199954848396
348.0,India,Power,Oil,719.9098180556703,1998.0,44.21733412602573,1357.5048930101375
506.0,USA,power,Renewables,71.20871893247632,2010.0,58.55736431175224,321.67785187162025
640.0,India,Transport,coal,74.24449109403525,1990.0,40.63850710729092,461.7509841087155
811.0,USA,Transport,Natural Gas,92.93009107596626,2005.0,52.253318887478024,428.0583959219919
798.0,,power,Oil,126.75662041932235,2023.0,60.07507394826653,445.752445006018
947.0,USA,Residential,coal,99.49982587381918,2005.0,58.962839601306065,257.57496760628
923.0,china ,,Coal,81.90170695887979,2017.0,49.820357115428436,491.64035716413673
620.0,UK,Transport,Renewables,96.33643462189542,1994.0,54.29350235422472,462.53460321883523
873.0,Germany,Industry,,,1998.0,47.023574269785705,509.03166915189263
821.0,china ,Residential,Oil,81.51005581488793,2016.0,40.24619764830663,388.65419917847385
646.0,China,Industry,Coal,138.38001786437212,2002.0,50.55054621986962,675.4811875599614
864.0,USA,Transport,Coal,129.8716553861774,2023.0,32.90690304708954,578.8143543970943
557.0,china ,Transport,Renewables,82.59464899638053,2015.0,62.930232782147016,545.8891396361898
978.0,India,,Coal,93.20796731023266,,53.49552101625061,508.6764205578987
578.0,usa,,Oil,118.06961417081362,2014.0,53.15853449947455,568.641750044673
796.0,,,coal,80.68485168787481,2014.0,50.59294227072097,566.9123991029298
86.0,China,Industry,coal,114.28172225905062,2018.0,35.48893612829992,372.02020138805295
243.0,Germany,power,,273.11858227103727,2016.0,53.91843687997405,545.2053758084224
699.0,Germany,Industry,,121.74390368790608,1996.0,38.43150669861359,504.76210199624956
160.0,India,,coal,94.74433222035063,2018.0,47.389538081198474,613.9612940573444
525.0,China,Industry,coal,77.96676169241195,2022.0,40.39261121664538,563.4903811584933
36.0,china ,Transport,Renewables,131.2491901372423,2006.0,60.57192998984916,559.2040236700633
541.0,USA,power,Natural Gas,104.38463335509947,1995.0,47.64873667450888,379.540635208867
171.0,china ,Industry,coal,107.60157416883547,1992.0,47.66567201356104,628.7167793149875
655.0,UK,Industry,Oil,81.31296782842978,2014.0,46.59083293908065,388.3325933289853
908.0,India,Power,coal,85.97325616794572,2013.0,48.211448784916925,621.2999364250198
875.0,Germany,Power,Natural Gas,98.90774651883814,1993.0,46.19205568860791,548.6038681642749
865.0,Germany,Industry,coal,119.34975498477277,2002.0,56.51345012353048,393.65366328776605
963.0,Germany,,coal,109.20659746359627,2021.0,41.75300139643208,596.3451222285541
734.0,UK,Power,Renewables,104.66411927970415,2005.0,49.879179895628525,530.4278391632531
96.0,usa,Industry,Oil,95.2600165787968,1990.0,49.98268301774393,435.8923734559281
564.0,Germany,Power,,118.03221829136814,2007.0,63.004941523308055,511.4475959795496
241.0,usa,power,Natural Gas,98.04553893858163,2001.0,59.38315715964504,566.4929019905828
743.0,USA,,,145.13502792868235,2019.0,51.415507790793434,471.23952658191973
575.0,USA,Transport,Natural Gas,114.76160749819302,2020.0,55.37360281449226,511.1896704488599
691.0,Germany,,Oil,86.02099121072797,1995.0,39.770544797665046,414.74577569409746
461.0,china ,Power,Coal,66.22875366420631,2021.0,56.955233489652585,528.3171005336363
554.0,UK,power,Oil,221.41849277304456,1991.0,54.50738790043547,737.9009013402092
896.0,usa,,Coal,96.63813068069511,2020.0,50.470716868078874,424.9470381846176
207.0,Germany,,Oil,104.98397085471312,2011.0,59.701968266853,493.764535803122
393.0,India,Industry,Coal,74.66211056952298,2000.0,41.982949573510275,568.9003144041407
795.0,China,Industry,Coal,88.12409355487351,2019.0,61.99642032783947,421.32448728977715
398.0,Germany,,,57.681600090580154,2013.0,44.31794630603591,557.9016107794437
767.0,Germany,power,Renewables,82.79973276842921,2011.0,61.930385845947086,604.3061377294812
866.0,India,power,Natural Gas,88.78129571552506,2018.0,36.809361385150325,289.70982689449664
218.0,usa,,,86.49077110288444,2001.0,49.62687591753365,420.9939127402047
5.0,India,power,Coal,113.73132012303125,2018.0,48.3712687900842,522.5055389209609
769.0,china ,Residential,,91.3980159247611,2011.0,46.78007472706405,530.9968660984705
643.0,China,power,coal,unknown,2017.0,33.36246804968008,479.9919434193319
915.0,china ,,coal,251.64825169735826,2001.0,54.42720275192643,543.9825807031083
613.0,Germany,,,120.04170433180818,2010.0,40.3173181463135,506.23873963801657
739.0,India,Power,Oil,88.85439399274598,2018.0,58.16838709632252,475.9861085975689
547.0,USA,power,Natural Gas,78.30932413415897,1991.0,47.56473610814733,522.4355557743129
726.0,UK,Residential,Oil,225.8574792952678,1997.0,53.010236041635615,428.83404226088544
684.0,USA,,Natural Gas,506.23156454305365,2012.0,60.943397864026544,2130.9157077133646
99.0,china ,Residential,Coal,123.19582490578611,1992.0,65.13344502139469,376.62271584444443
805.0,Germany,Power,coal,87.66789891909006,1996.0,,555.27577449847
728.0,China,,Renewables,541.7263447858186,2004.0,52.19796734998102,1933.600651751775
574.0,china ,Power,Renewables,109.20839458880096,2001.0,56.72301197586649,
407.0,USA,Transport,Coal,81.23645249144589,2002.0,64.74046600146102,470.5207549227471
503.0,India,Residential,Renewables,128.93867076399113,2002.0,52.5543384457205,445.297574899034
48.0,Germany,Power,Coal,96.57501649125828,2012.0,57.30327005923329,425.32126504631435
33.0,USA,power,,99.60049142560194,2011.0,48.789033115342065,512.2140714074047
780.0,Germany,Residential,coal,90.39245018039357,2022.0,67.50610751230936,388.7022688861836
840.0,USA,Industry,coal,137.52346826455425,2005.0,54.687497843152855,487.58407925331807
201.0,usa,Transport,coal,102.6837034835544,2021.0,56.451691253728185,486.9346031037887
135.0,UK,power,Coal,99.72794331109355,2009.0,35.67060879314486,495.2889884368967
28.0,China,Residential,,121.50628278718709,2005.0,53.27861140750776,456.9326699822893
948.0,China,Residential,coal,142.11354132681262,2011.0,50.211681444148596,462.15453464225425
231.0,India,,Oil,113.66837009246848,2018.0,51.12362126925804,564.7010364382497
,china ,Industry,Renewables,127.80854948812764,2002.0,54.30348441904753,518.0774238725841
773.0,Germany,,,113.54319424131575,2000.0,49.73484751271042,574.2194980069105
379.0,Germany,Residential,Natural Gas,101.62125741387314,1999.0,47.32873664059308,683.7238392774539
289.0,china ,,coal,111.59817934943841,2014.0,46.85309106301616,409.73960131395097
419.0,UK,Power,coal,390.7582389587194,2009.0,48.49535600176927,517.9628599455004
675.0,china ,Transport,,90.79186768721516,2003.0,49.69559668497234,572.1580895117653
392.0,India,Residential,Coal,52.16556684574413,2020.0,57.1827440697446,646.6824416404769
593.0,China,Industry,Oil,80.0753588755496,2004.0,36.84832257571809,551.9062223604926
499.0,China,Industry,Coal,121.69054092990177,2021.0,53.3658670142228,610.7565323308623
139.0,USA,,Natural Gas,131.65574508244183,2008.0,47.6906755012467,476.1728962193748
63.0,China,Power,,133.73975726050782,1998.0,49.25753334015639,608.3735298054014
472.0,UK,Residential,Oil,100.5775144629802,2011.0,42.057830013855664,544.9608247709959
648.0,usa,power,Coal,115.72625419760894,2017.0,66.22591502232909,482.1689888070924
129.0,India,Transport,Natural Gas,83.1476015721954,2004.0,46.757062831827575,599.5708420522706
997.0,USA,Power,Oil,90.53659858727923,2007.0,55.89177834201379,381.1851618954189
521.0,Germany,Industry,Coal,97.27105073291656,1998.0,59.08959829228131,713.820904755154
839.0,china ,power,Renewables,85.81242584884278,2012.0,46.03161779255355,689.6037495153939
983.0,China,,,106.60285231578146,2007.0,44.82413947533726,390.3242832970679
65.0,China,,Coal,586.5726087147696,2000.0,50.40598476156298,366.63484174161874
813.0,usa,Power,Renewables,129.9473794186825,2015.0,54.23683599627155,496.2499176925507
15.0,Germany,,coal,104.63025478591143,1994.0,56.363657277529306,553.7160501460957
157.0,UK,Residential,Oil,83.73290704422165,2021.0,47.79513845832589,620.3536581906692
41.0,usa,Transport,,101.63126069968732,2019.0,51.895638564346314,533.0198674165594
493.0,usa,Residential,Coal,unknown,2005.0,44.51886051774275,543.6961075390394
,India,Power,Coal,83.90018678139424,2017.0,54.63135274241011,647.1906399113542
188.0,china ,,Oil,87.67558893186785,2006.0,55.750330351090184,506.4230833703327
764.0,UK,Transport,Renewables,89.3056878437871,2008.0,23.640321324108733,700.4228774270408
217.0,china ,power,,93.64853602352524,2009.0,37.143175817533226,605.4731334981795
792.0,China,Power,Oil,88.2392284308225,2014.0,60.60592335982367,502.06885078666176
53.0,china ,,,109.11379337334503,2007.0,52.80110261046585,
879.0,India,Power,Renewables,unknown,2012.0,42.41537037700131,634.8386371988156
338.0,china ,Residential,Coal,120.58443582467787,2015.0,56.74449402403668,306.569324255573
749.0,usa,Transport,Coal,63.19341927531656,2021.0,34.85075724629947,547.7124347686055
720.0,UK,power,Renewables,131.66451059385014,2015.0,55.43456460954106,296.09044867562795
725.0,china ,,Renewables,95.1817750981276,1992.0,55.66226764895951,354.2375513379423
296.0,,Transport,Renewables,65.00044251562406,2007.0,63.782840936226734,516.1888186240257
702.0,India,Power,,99.10470385226985,2006.0,57.36078816342273,379.35967492819543
252.0,China,Transport,Renewables,118.84624420535737,2000.0,56.33094934705377,527.0206291238311
727.0,UK,power,coal,111.24633241246516,2013.0,40.00800294498974,414.21789718213785
462.0,China,Power,coal,122.84320056505723,1999.0,78.84232276573647,553.4246932875055
456.0,India,Residential,Oil,98.30694916303145,2021.0,60.97772020971633,501.84860706564297
105.0,usa,,Coal,108.92000189334371,2014.0,43.50481789096169,403.34765990729363
816.0,China,,,102.66187470273569,2001.0,59.44006142661491,422.2763565528288
863.0,UK,Industry,Natural Gas,121.08257352037958,2012.0,39.94146435251036,399.8333486379075
270.0,China,,,86.30963575566062,1993.0,57.16110698081099,
202.0,USA,Residential,Coal,102.25575725258187,2017.0,57.449914196140824,556.5773699672063
162.0,UK,Power,,85.85389319343335,2017.0,36.36921655102306,347.01670917967294
556.0,UK,,,118.71763112543431,2011.0,43.47112641800934,596.2416408283075
730.0,china ,power,coal,106.99189998720594,1998.0,43.73998873861201,399.8043143304171
402.0,Germany,power,,104.16710591918559,2020.0,55.89525046176678,482.8761043544951
,Germany,Residential,,83.22620952592214,2008.0,46.63102012037736,466.91518714261775
477.0,Germany,Industry,Renewables,153.47021940792956,2006.0,52.830448201364796,342.9187966860843
822.0,UK,,Natural Gas,106.60333682385935,2016.0,,652.2146758548047
772.0,UK,Industry,Renewables,127.70297850424647,2011.0,61.197903507401875,500.4340865049523
106.0,UK,Residential,,85.93456954873054,2017.0,54.105616152269434,702.2923288886068
566.0,India,Industry,Coal,91.41896146304299,2001.0,71.00978772777151,555.8136723026449
390.0,India,Industry,Renewables,98.50178310689962,2011.0,48.48146638273507,429.50620857683964
2.0,Germany,Industry,coal,111.67772588750626,2003.0,51.437880099255295,453.03953435181495
991.0,India,,coal,129.98068809318852,2003.0,49.37630660563346,365.10482656942406
453.0,USA,Industry,coal,134.37700980809643,2023.0,52.02326814884141,502.6961156186352
562.0,china ,power,Coal,131.921594710663,2017.0,26.22124465223131,408.18848275654807
932.0,China,Industry,,79.86041053106717,1992.0,50.61212371394755,506.03831472949247
81.0,Germany,Transport,Coal,80.91876504507356,2002.0,50.96058641951421,681.4009181074983
206.0,Germany,Residential,,132.82093259457918,1996.0,46.327302931457815,478.1997191416862
35.0,India,power,Renewables,132.12238983662587,2012.0,52.713909809976975,620.2056601065949
776.0,Germany,Power,Natural Gas,98.21549094166672,1998.0,63.208479062207076,407.19870323117266
509.0,Germany,Power,Coal,87.61527070041117,2004.0,43.22482928116203,525.4580432643561
428.0,Germany,power,Renewables,84.44162374665238,2008.0,47.916608459344445,408.16115112793415
455.0,USA,Transport,Natural Gas,101.69565729287918,2011.0,41.603797267449515,329.75181982934123
367.0,USA,Industry,,83.28091840838607,2013.0,60.34863856773434,563.478263997032
92.0,China,Transport,Oil,115.67437563629132,1994.0,44.78514354644233,480.7782399697343
340.0,USA,Residential,Renewables,108.39331045196138,2006.0,40.78494603976177,437.5746579429305
898.0,China,Residential,,99.15328683603526,1991.0,44.874323425557094,610.7456930668951
565.0,China,,,58.531582221272345,2022.0,42.161718700761504,657.3412147525846
346.0,USA,Residential,coal,105.34813964710928,2012.0,47.564895440981054,536.2542570136438
777.0,china ,Residential,Renewables,117.98870081511444,2001.0,30.95261120565261,581.1388119917159
242.0,USA,power,,128.2341875186291,2020.0,40.787548885570935,423.5028246621403
14.0,UK,Transport,coal,109.50571178639782,1993.0,59.22563516848142,470.46053813008376
316.0,USA,Transport,Oil,468.3246670601482,2003.0,36.30863462650535,2302.267408258722
601.0,China,,coal,118.67567825744686,2012.0,35.71142763455809,581.6496023893358
388.0,usa,Industry,coal,104.64257023717339,2013.0,47.60001782353443,536.649866588694
274.0,usa,Residential,Renewables,85.69056605737056,1999.0,62.26422164533702,450.5792545156724
167.0,china ,,coal,100.97337473766102,2006.0,25.658236141574076,583.5821068724858
841.0,UK,Industry,Coal,62.39113889750324,2003.0,48.63065011390596,460.48101669689356
969.0,USA,power,Natural Gas,486.59534167428046,2016.0,61.37805822697871,2472.7437352437123
647.0,China,Power,Coal,137.64723717026956,,46.41817436034444,500.04179637781425
819.0,UK,Power,Renewables,109.50732068694424,1991.0,36.286331318176174,519.0425355065285
485.0,china ,Transport,coal,56.007785629988916,2016.0,66.62010396272034,601.9949483466368
508.0,Germany,,Oil,102.9047743356333,2008.0,51.59743367050745,398.9378236421452
505.0,UK,power,Natural Gas,124.18532221937478,2019.0,45.84683117864777,458.8030130886972
832.0,USA,Industry,Coal,118.84476302994723,1994.0,44.60785984193755,512.5998947494962
244.0,USA,Industry,Oil,93.94071090196142,2021.0,27.1028445020737,471.781223918547
567.0,UK,Transport,Renewables,103.69801633857954,1997.0,66.62998936994103,489.42096121482876
876.0,UK,power,Renewables,95.20202165839677,2007.0,44.57691663874382,326.15730971798547
563.0,India,Industry,Coal,103.79423457451051,1990.0,56.239499418454685,341.68126710303034
973.0,china ,Industry,coal,106.60581726266281,1991.0,57.10003259037054,625.3866888823748
687.0,usa,Transport,Oil,99.9035075618974,2015.0,43.59268252235557,427.0224716825637
958.0,India,Industry,Natural Gas,120.72403664263445,1998.0,58.57818841534787,524.3217622561067
190.0,UK,,,84.552604313714,1991.0,36.07610472216313,680.2660951175434
783.0,India,power,,96.65607713855296,2012.0,60.006627051583436,
700.0,UK,Transport,Coal,103.63678074410122,2004.0,59.23844184261014,482.63780547153567
,usa,,Renewables,61.510236779023,2002.0,57.75314210519647,568.6247973331942
682.0,UK,power,Natural Gas,82.02373623930197,1994.0,49.2745767676476,630.2985498716921
511.0,UK,power,Natural Gas,130.7921369600303,1999.0,43.82322511238403,278.58262668263455
59.0,USA,Industry,Renewables,107.12333754449685,2021.0,56.72607728782654,385.792176090562
475.0,usa,,Renewables,98.32797722818158,2009.0,40.244294340770516,625.9347128074439
561.0,UK,,Natural Gas,113.87756889961308,2008.0,26.666521581528396,402.18406554744377
857.0,China,Transport,coal,64.43298065469239,2021.0,56.698714547586604,494.2446079594095
748.0,UK,,Natural Gas,71.20451573779832,1995.0,52.95429811721782,552.5612854448437
253.0,India,Power,Natural Gas,143.99053262322667,2010.0,55.08565877358319,367.4812695843001
22.0,usa,Industry,Renewables,92.84565635461512,2010.0,61.94922134864996,
314.0,India,Residential,Renewables,64.1148553897988,2006.0,62.73674247904694,425.0223155715894
460.0,China,power,Oil,79.60876736560228,2003.0,76.48143985753487,
161.0,USA,,coal,125.41262121316447,1996.0,47.35357313699275,430.568118956117
277.0,china ,Residential,Oil,89.7337754335326,2008.0,50.6092909384936,428.3350090180043
956.0,usa,Power,,69.51169323758046,1991.0,48.73896030680285,442.862841304709
192.0,UK,Residential,Natural Gas,111.1738193206655,2015.0,77.5072303053733,630.294648906696
386.0,,Industry,Renewables,72.42941299913505,2020.0,54.071054154460676,552.7515015755602
806.0,usa,power,Renewables,92.47646794436623,2006.0,43.05517124137782,467.10316660025563
414.0,UK,Residential,coal,114.72778940369194,2004.0,66.94511761698497,497.98233482987297
492.0,UK,power,Oil,84.11147893062639,2014.0,50.347759687934406,419.5215021803347
344.0,Germany,Transport,,111.84703842216346,2005.0,36.37088586650025,398.2665148810004
770.0,china ,,Oil,101.72710631000741,1990.0,44.92276886696859,552.1845109612117
309.0,USA,power,Renewables,119.25337839171064,1990.0,41.72651000359647,483.2442660598775
662.0,UK,Transport,coal,unknown,2004.0,40.32664803075295,455.3737513299869
131.0,India,Industry,,93.9550064815696,2007.0,54.884946724532426,471.07723218462866
664.0,USA,Residential,Oil,100.50853405223269,2011.0,35.28919164306869,513.8652625472853
872.0,UK,Power,Oil,113.64119017153601,2009.0,58.73771996048796,543.830370476835
100.0,china ,Transport,Natural Gas,92.46171549172207,2004.0,64.81515792841583,483.52590698958977
373.0,UK,Residential,Oil,126.71611332982988,1997.0,43.72017413517362,495.9157032483918
88.0,usa,,Oil,96.61498231887387,2015.0,52.49584561789169,674.7376359709906
459.0,UK,Transport,Oil,105.15924323163316,1995.0,,537.9838202395174
331.0,China,power,Oil,92.60862294292438,2015.0,56.62117291482028,553.5168309274744
215.0,Germany,,coal,90.4599524017408,2013.0,50.52318547822483,598.4231442461949
467.0,Germany,Power,Natural Gas,103.22715849285017,1994.0,53.73324144497762,435.2209955246803
122.0,USA,Residential,,123.00581061832321,2007.0,31.40220447029092,529.9055074821043
615.0,China,power,Renewables,104.59744416247875,2004.0,32.68568571102735,400.2358101202371
21.0,usa,Industry,coal,90.83726025572531,2014.0,45.5626448513951,695.865476836709
701.0,USA,Residential,,119.07343356331562,2008.0,55.388312227920586,523.5279989907826
72.0,china ,Power,Renewables,84.01003333673026,1998.0,51.356320087759535,372.5008549384465
107.0,UK,Power,Coal,88.85437751791838,1998.0,44.8006676550746,499.9443704245165
271.0,UK,Industry,Renewables,137.21368891741076,2018.0,44.04803269057709,414.540956535421
861.0,Germany,Industry,coal,103.74328040972324,2019.0,35.67751344780107,472.43612339448737
436.0,USA,,Coal,90.6513131235006,2006.0,51.308934879437956,532.5339295974992
103.0,Germany,,Natural Gas,108.16690328789556,2015.0,27.251132361776378,560.4684096949602
