Emission_ID,Country,Sector,Fuel_Type,CO2_Emissions_MMt,Year,Population_Million,GDP_Billion_USD
524.0,Germany,Transport,Unknown,84.88993330800491,2001,54.44732234163117,525.4401771650784
603.0,China,Power,Coal,116.75015744966478,2012,34.59914024988296,358.8148291678056
527.0,India,Unknown,Renewables,94.41783050200613,1997,67.09828186076999,538.271979305705
32.0,USA,Industry,Coal,80.13243588832287,1995,30.03723735128584,659.495345140532
617.0,Germany,Transport,Unknown,105.9675490520236,2014,40.724356471375415,360.58256482530857
586.0,Germany,Industry,Unknown,103.15501562059433,2008,51.61564505941856,348.686122485819
445.0,USA,Unknown,Oil,106.48799943575824,2014,60.763875396088665,549.4725180453996
733.0,China,Residential,Oil,127.33980865357688,1996,45.51001030876106,427.11769009070537
77.0,USA,Unknown,Renewables,94.51543285890938,1999,67.27303925061958,614.0313415002609
412.0,UK,Unknown,Unknown,96.85405149598192,2004,59.78369937769772,669.3937067097493
569.0,USA,Power,Coal,104.15298670808184,2005,55.39453942356131,195.2222687606403
71.0,Germany,Power,Unknown,45.71785399017827,1997,38.96362128750602,564.6234131157715
676.0,China,Unknown,Unknown,117.2948938328168,1997,48.97578233983021,471.2727507884538
102.0,China,Power,Natural Gas,125.08713737145423,2021,40.648331701567145,350.218654345957
895.0,USA,Power,Unknown,108.4894618849582,2008,61.59234150284205,466.0560348202192
926.0,India,Unknown,Renewables,142.7311825760545,2013,48.52277954916924,626.0472962353059
630.0,Germany,Power,Coal,90.22804836014672,1992,48.71264660472077,533.11465091877
300.0,Germany,Power,Natural Gas,104.12099035759026,1994,58.5067763747424,729.3211005699325
925.0,USA,Power,Unknown,66.89874015333626,1991,46.12879573652444,371.65048643258433
425.0,India,Industry,Unknown,100.286465164212,2005,34.4748600771378,531.0346274844577
97.0,Germany,Power,Oil,107.02577618849082,2006,48.63661652985513,319.60333593053224
901.0,India,Power,Coal,100.8774992752143,1991,56.93399705871886,532.0431792946765
261.0,China,Power,Natural Gas,86.88727240706294,2021,57.35524254125097,447.0223529157171
351.0,USA,Power,Oil,122.68961040168637,2020,62.12784389130418,469.8397866356954
529.0,China,Transport,Oil,84.22118462481859,2016,48.17006578193299,466.1401603385012
695.0,India,Power,Coal,105.63470127658748,2006,54.57622103733283,601.0162453527155
362.0,China,Residential,Coal,115.23607556173566,2000,39.521779458723074,628.6482064644474
612.0,India,Power,Natural Gas,80.15283427018973,2011,66.19068481108081,578.5591130165302
885.0,China,Residential,Unknown,95.08300042044009,2002,61.044949854426335,557.1494736463562
721.0,Germany,Power,Renewables,120.99968585142769,2017,43.050340087006354,377.0947552407381
487.0,India,Power,Unknown,130.35040218127745,1997,59.60702140719194,411.7004776499117
694.0,UK,Residential,Coal,103.693055518092,1993,63.96930939355635,414.44807954236455
930.0,UK,Transport,Unknown,103.38883661719372,2000,40.36309943148167,481.8765366121306
810.0,USA,Transport,Renewables,131.37868991354992,2000,52.23873810266593,519.426140967926
409.0,Germany,Power,Coal,77.70504585350221,2007,57.94245591000967,632.857947142146
741.0,China,Power,Coal,287.8296635510333,2012,58.36221078875002,392.96485486602126
214.0,China,Industry,Unknown,112.37327874961298,1995,50.58587137542353,566.4750271953068
590.0,UK,Transport,Unknown,80.59992064981914,1992,27.0163296203732,735.3092448910977
366.0,UK,Unknown,Coal,202.6432447889156,2009,45.49378715925105,238.070105049907
200.0,UK,Power,Oil,83.20349505095665,2019,30.50768716834735,375.3221752162135
637.0,UK,Industry,Renewables,69.50589100024388,1994,43.97328115441336,439.4175521182406
629.0,India,Transport,Coal,97.81782964694862,2012,69.5330325574599,570.816445480024
829.0,India,Residential,Coal,92.9038529963156,2006,39.55858977642149,329.0262925901069
353.0,USA,Power,Unknown,135.64156636122962,2004,47.97315598162889,366.1470329223831
330.0,USA,Transport,Unknown,98.255688031687,1991,40.91503608106722,235.64837442019476
982.0,Germany,Power,Coal,127.25234053226735,2003,46.920976577294,349.38745223111687
838.0,China,Power,Oil,91.02463551022738,2019,33.96247944333669,392.6082791354223
287.0,USA,Industry,Coal,98.44932369612012,1993,58.362229368215296,393.5939490201796
290.0,USA,Residential,Coal,123.99317351717136,2003,48.0178610155784,426.5293744073882
599.0,China,Unknown,Renewables,132.43200199532643,2009,41.60679598220541,564.9823052072824
762.0,USA,Residential,Coal,77.78695607500629,1993,41.67639285703089,376.04449011877256
60.0,Germany,Power,Unknown,100.97349676653651,2003,62.022387804156736,502.8926864061551
623.0,UK,Unknown,Unknown,82.81824115271861,1993,66.71582950744397,586.6417585454554
319.0,China,Power,Coal,116.58649647856318,2004,46.112835090627726,449.2852257227839
11.0,China,Residential,Unknown,115.4766548728456,1992,49.55239692387826,521.6296458401871
238.0,Germany,Residential,Coal,73.5798700826966,2022,50.39560758254562,371.7422458442956
332.0,USA,Unknown,Oil,77.52967590178342,2000,30.712699772501544,527.5377487805431
706.0,Germany,Power,Natural Gas,103.69884565748818,2013,42.72691937229693,332.9582860698599
87.0,Germany,Industry,Renewables,103.47832167667524,2013,64.34132723233584,454.8836779995704
804.0,UK,Transport,Coal,114.68436437416392,2011,37.3089994529692,565.2750082287943
175.0,UK,Unknown,Unknown,100.54645521728348,2001,54.34142220262216,610.026160323097
313.0,USA,Industry,Coal,93.80235852712498,2011,44.94951348819711,484.71158807390617
463.0,India,Industry,Renewables,89.09108002120513,1992,58.276019763260464,553.4806906150524
219.0,USA,Residential,Renewables,109.39118338705856,2022,51.38131706402721,430.72983633716217
31.0,Germany,Industry,Unknown,114.6852183435345,1998,47.38905901537424,508.5122057297815
548.0,China,Transport,Renewables,79.67501651083501,2008,40.561354095771534,442.0926899080597
665.0,Germany,Industry,Renewables,103.75605095782176,2005,43.859913929285945,402.36203514799206
55.0,USA,Power,Natural Gas,73.44568208486774,2011,31.93412027531111,525.5829648434394
24.0,Germany,Power,Renewables,91.7634769136216,2014,36.54168215457578,592.3122267770887
257.0,USA,Power,Unknown,65.99590250903867,2020,32.45914437330646,509.2872401823512
451.0,China,Transport,Unknown,121.3069525308326,2017,41.575025086332985,432.0956817441411
4.0,China,Power,Coal,118.90387454027189,2010,55.4360792748013,504.541117311764
834.0,China,Transport,Coal,90.80538537251546,2005,51.38645894711803,497.9103723395261
553.0,UK,Power,Unknown,77.53878879710896,2017,57.969958637222746,393.37832789562975
639.0,China,Unknown,Oil,94.78090334081485,1991,61.2209023032227,626.4468490678105
478.0,India,Residential,Unknown,119.13667462312192,2022,51.68928991370854,557.0694816035544
957.0,India,Unknown,Unknown,124.3900713742449,2001,55.53956047082277,517.1598773067955
,UK,Power,Renewables,103.0323765472126,2006,65.97120534290251,595.5937475764365
519.0,India,Transport,Renewables,107.81226355458725,2023,62.68621024603208,455.6679229723809
961.0,USA,Transport,Renewables,80.53769279557359,1998,39.536395348717946,535.481337466012
954.0,China,Power,Renewables,126.93331645673577,2015,32.92825274469131,706.2212524038256
980.0,China,Industry,Unknown,121.48535225819732,2010,56.87465289769486,411.2607609892474
576.0,USA,Power,Coal,102.21778957775535,2013,59.24410187274994,510.3279153006943
540.0,China,Power,Oil,329.3640647903473,2012,57.536242852719845,378.95983039765787
216.0,USA,Power,Coal,113.3290063342678,2009,54.90828500618096,390.2355350420529
738.0,India,Unknown,Natural Gas,115.21539283918707,1994,45.82707893187998,546.1267943409356
999.0,Germany,Residential,Coal,86.38097848386492,2012,44.43848071706665,512.3903880030015
714.0,UK,Transport,Coal,112.47044205901516,2004,41.03884971563414,475.0096939122202
668.0,USA,Power,Unknown,126.976588408783,2006,55.49215182500046,409.3587237810358
40.0,China,Power,Renewables,116.9665900075266,1992,62.06480155415055,499.7990344973039
232.0,USA,Residential,Natural Gas,88.11730846450227,1996,50.45589703503008,499.60188505063
495.0,China,Transport,Unknown,114.45392019045238,2007,44.14774004216503,528.9824316550473
705.0,China,Unknown,Renewables,100.2035014148286,2021,45.67956235025866,623.1380936179432
968.0,USA,Industry,Renewables,93.33656670338146,2013,50.259371141974405,307.8899246867037
67.0,China,Power,Renewables,91.7715805468126,2008,43.26075653270404,414.33493685892046
295.0,UK,Industry,Oil,95.8473789403524,2016,41.10648006920792,411.4509113412152
68.0,Germany,Power,Coal,110.57497691599322,2004,34.747224654839336,485.7888538836456
480.0,China,Power,Coal,76.85360026031032,2004,46.21771897634427,517.3486973227089
329.0,Germany,Residential,Oil,115.16212397034944,1991,39.70333771720557,547.4823744989626
263.0,USA,Power,Coal,76.03791873471565,1992,48.22061825008061,553.3703200968638
108.0,China,Power,Coal,78.71931529597805,1990,45.07929929051354,443.1907110423259
984.0,USA,Residential,Renewables,117.8873577442475,2013,47.01740512685092,571.3128107694516
347.0,Germany,Transport,Coal,122.64069972590072,2013,50.1536477589331,386.4838170968092
299.0,India,Unknown,Natural Gas,116.13128353362,2010,36.56128394440724,452.1013952924384
644.0,UK,Residential,Oil,114.62493013340811,2001,60.491254172400254,440.7498106198077
308.0,Germany,Residential,Oil,47.37136233160187,1993,58.38762143909231,315.136430836948
855.0,Germany,Power,Coal,145.7961159492092,1991,37.50112519141743,383.8188923638563
507.0,UK,Unknown,Renewables,103.61166413216726,2006,36.60838264463519,487.6692347995203
297.0,Germany,Power,Coal,118.1371539025147,2012,46.37243467200444,568.8608053690031
881.0,USA,Transport,Natural Gas,378.7405546025476,2011,64.58204488387403,518.5125034314018
667.0,UK,Power,Oil,504.57357537431983,2006,50.42352130767432,473.7388643015044
101.0,USA,Power,Coal,110.84927723000474,2018,27.35485020603884,592.6068245827911
89.0,UK,Industry,Unknown,102.58129596480336,2006,57.70847277408579,495.2316864758773
844.0,India,Unknown,Oil,213.47778466936205,2018,59.94336079877929,571.9250983055333
889.0,USA,Transport,Renewables,449.6919460895344,1993,34.64981237334125,499.4632527606518
140.0,Germany,Power,Unknown,105.49362147985704,1992,56.84842737331576,375.895787879636
758.0,China,Power,Coal,133.7758782661981,2000,45.44582308688464,500.5716086092891
616.0,India,Industry,Natural Gas,129.5977219982768,2004,45.52657538942635,499.771906524087
500.0,USA,Transport,Oil,109.79881165600146,2018,52.460159641760335,424.2641513469832
666.0,China,Transport,Coal,68.12565969297934,1997,59.36660309846792,379.35869660409503
585.0,China,Power,Unknown,107.95403541014592,1999,66.06264760451553,597.8000524171559
110.0,UK,Residential,Renewables,103.82201236921829,2011,32.90690354792189,588.1162468436696
,UK,Unknown,Oil,135.31418532900807,2006,38.47938339735062,523.4343238850299
651.0,USA,Power,Renewables,110.39729704024538,2020,72.58827121908189,456.9684155354551
534.0,China,Unknown,Coal,105.1552176572022,2006,50.01734356742451,473.9499410593667
446.0,China,Industry,Unknown,92.84177819237676,2002,48.57910124910335,504.4407212786357
606.0,UK,Residential,Unknown,115.1170991951988,1991,60.82237911526368,585.8977026043308
137.0,China,Power,Natural Gas,116.8489984981229,2018,60.27882094020752,500.6655010735508
812.0,USA,Unknown,Coal,79.23661705826132,2007,66.7099171528861,646.8324133355959
515.0,UK,Transport,Oil,142.1888918928492,2022,56.12629119687199,633.6265360422232
754.0,USA,Power,Unknown,114.16842085789165,1999,58.11362317404711,572.5878220553714
159.0,USA,Residential,Natural Gas,72.85194080427578,2008,66.18381328847835,488.4305793891463
311.0,China,Industry,Renewables,105.95842130519604,2001,46.16538954242347,509.8818038928824
328.0,Germany,Industry,Natural Gas,102.26268475359944,2002,57.85125220675627,418.75485497591154
50.0,India,Power,Oil,113.96499827555633,2010,30.483928064598476,544.2572353560568
936.0,UK,Power,Natural Gas,125.99948093451503,1991,50.718641644583336,503.984232218818
255.0,UK,Unknown,Coal,70.56617114658624,2019,39.59545034386072,691.1662406281033
276.0,Germany,Power,Unknown,98.3148110633099,2009,65.22980551909954,410.3434822595722
902.0,UK,Power,Coal,107.57332468502824,2013,49.10833418365032,508.4039209049868
185.0,China,Power,Oil,99.81826850547488,2000,33.351075798710525,380.26022876459547
583.0,China,Unknown,Oil,86.83453113597363,2015,51.3821713110444,479.993062755957
661.0,USA,Power,Renewables,103.45188207829732,2010,50.77010757492944,457.84577843406817
897.0,USA,Transport,Renewables,108.0982819791826,2021,28.29138429166331,499.9046628746793
210.0,USA,Power,Unknown,75.72145238694871,2004,42.71478445985648,449.9948549025448
169.0,USA,Industry,Coal,140.3967578330851,2012,48.88981126392845,466.06229937018895
867.0,USA,Power,Natural Gas,84.3595226978512,2011,59.83922681430734,479.266122746678
281.0,China,Power,Oil,98.48352756963476,2023,55.89349377378153,477.2370738515197
134.0,India,Unknown,Coal,99.5638932383633,2004,30.239995522791663,458.76156051996674
542.0,Germany,Transport,Oil,125.78539725431273,2011,36.38527663867271,407.0366047822503
56.0,China,Unknown,Coal,99.68360579475863,2022,51.95509150157456,451.2448117955523
121.0,USA,Power,Oil,95.26715628937907,2019,52.7251582582091,706.3247004351908
555.0,USA,Power,Coal,80.71410720487263,1993,53.50011197935174,555.4307310957608
26.0,USA,Unknown,Natural Gas,66.77441013444465,2021,49.37588460864384,499.4632527606518
73.0,Germany,Industry,Renewables,103.12756245836556,2022,60.1070216458611,438.19033770516126
539.0,China,Transport,Coal,97.26433450061144,2010,66.42024215044945,603.5334686692211
45.0,India,Unknown,Oil,82.4471516048085,2012,51.17884506103355,595.9132930325479
498.0,Germany,Residential,Oil,109.20141212694875,2002,54.810532911254825,451.1241622620564
199.0,China,Transport,Coal,77.80708990958486,1990,29.351145379531136,460.3142955084679
378.0,USA,Industry,Coal,121.67212159660372,2019,63.789016998464696,489.7175869520056
315.0,Germany,Residential,Oil,70.98576164513048,2018,70.11825996442627,388.816177626314
719.0,India,Industry,Coal,102.83670334285809,1993,55.80098841635207,340.46150998242547
209.0,Germany,Power,Unknown,108.94718604381222,2004,61.47539213593895,570.6258036910302
722.0,UK,Transport,Renewables,468.221939566393,2021,49.72172455370726,487.6692347995203
919.0,USA,Power,Oil,82.28091373410808,2000,68.2995966975421,351.44239298965243
536.0,China,Unknown,Coal,452.14225553785326,2021,74.89461081260694,500.6655010735508
696.0,India,Transport,Unknown,131.3667855206025,2003,46.184291082029766,378.9317014193123
605.0,UK,Transport,Unknown,112.96274539815067,2014,46.81372596107403,693.1111068862538
291.0,USA,Unknown,Coal,83.7702064453295,2000,43.21138206514225,528.4491785894517
960.0,Germany,Transport,Unknown,77.43052740504908,2015,53.36992910894404,514.1778370691434
333.0,USA,Transport,Coal,111.58356038583428,1997,59.89442078288312,626.274248314764
211.0,USA,Power,Oil,138.87753786217206,1993,67.81536681967044,598.1121188012514
343.0,India,Power,Natural Gas,121.5274399048236,1996,46.07197803480813,522.4786902732159
61.0,USA,Transport,Coal,110.2347533815801,1999,42.49297972963701,499.4632527606518
345.0,USA,Power,Coal,102.23677341516861,2016,56.99020308583896,596.4415005616204
891.0,India,Industry,Coal,88.82010544236005,2019,50.38503645634809,477.89344633896735
712.0,China,Residential,Coal,99.02069621955552,1995,52.406327440251545,500.6655010735508
468.0,China,Power,Renewables,92.10404874151806,2014,56.303924720320566,393.66912471313776
424.0,China,Industry,Natural Gas,75.58659900636174,2002,45.76224544392008,564.7098393305807
260.0,China,Power,Coal,82.28168008081443,2021,40.82650733807877,494.4155099177227
781.0,USA,Power,Coal,41.50149641606646,2007,47.74899800241229,615.5529589282355
789.0,India,Transport,Unknown,127.3367292121089,2014,47.11827853845133,510.5339044829396
768.0,USA,Industry,Unknown,79.39970848273784,1995,48.509606838298176,636.2401935438409
484.0,China,Transport,Natural Gas,106.13875414719104,1997,52.09390466692817,611.0173940938101
531.0,Germany,Power,Unknown,123.00592052602786,1990,35.18221694503163,441.2978181648791
811.0,USA,Transport,Natural Gas,92.93009107596626,2005,52.25331888747802,428.0583959219919
1000.0,USA,Unknown,Oil,81.96436826598358,2021,45.88094160072448,476.53757026211457
967.0,India,Power,Coal,115.36359128925696,1990,48.52277954916924,520.020360547896
111.0,China,Power,Oil,83.53763877303841,2005,41.61406847036136,438.7943773536588
996.0,USA,Industry,Oil,132.52285597566222,2009,40.03584016833686,343.3191575541598
559.0,UK,Power,Coal,111.20612882646212,2021,73.8019013875477,369.3150142544989
794.0,USA,Transport,Coal,95.5975263942006,2003,51.410074796990365,428.1568667380309
937.0,USA,Transport,Unknown,89.93157893346338,2005,46.491152263710006,211.58455642376657
920.0,Germany,Transport,Coal,366.4977557297356,2017,51.12066375178239,665.8170206694158
943.0,UK,Transport,Coal,115.15810792222024,2021,52.51925363309083,392.3523190022871
320.0,China,Residential,Coal,88.36324336165958,2001,53.99398749278516,481.982644346492
517.0,USA,Residential,Coal,134.50234664517143,1990,62.25258737089015,608.3212821931901
450.0,China,Industry,Renewables,121.2128586097233,1992,46.51017948931665,489.91146244539294
784.0,China,Industry,Unknown,100.19862039466544,1999,53.236984420149,489.0545401162682
594.0,USA,Industry,Unknown,98.76913452239904,2001,46.199014364896776,402.2525363061264
910.0,UK,Power,Renewables,102.3848665859178,2000,54.20153293986286,414.9699183964466
744.0,China,Power,Natural Gas,93.8515311080348,1995,25.769535009984665,649.093682720173
138.0,China,Power,Oil,92.7456862084014,1992,43.47490859579276,526.8274939789526
800.0,USA,Power,Coal,102.23677341516861,2000,41.75676987937122,425.1355297484682
934.0,India,Residential,Coal,110.14162517519098,1992,53.77464719053986,480.6081458076124
823.0,USA,Power,Coal,129.13419900123588,2004,58.75876461998784,603.0587740984288
766.0,USA,Power,Renewables,104.27291763024942,2021,57.93608687036212,663.80469445366
262.0,Germany,Power,Coal,102.9750179247043,2004,66.5848504196808,602.6256426270985
568.0,USA,Residential,Coal,78.94069843199387,2013,52.10546763441148,495.9428127189848
833.0,China,Power,Coal,92.63549449517816,2015,53.1455217053677,753.2387600238344
382.0,USA,Industry,Unknown,121.0238802197208,2021,75.03796227268774,506.0257677332475
334.0,Germany,Power,Oil,106.9654445280545,2011,62.59963502341588,587.6789554553953
537.0,UK,Residential,Oil,111.96115392905818,2018,46.61420019261045,453.7375379948349
352.0,Germany,Unknown,Oil,83.75190002020472,1997,54.80598712938984,508.1142518955411
786.0,India,Unknown,Unknown,148.68817266475364,1994,37.096489152556586,288.2991947793652
452.0,China,Transport,Natural Gas,87.31313788328643,1992,54.03191210760522,346.7493726069681
79.0,Germany,Residential,Oil,98.9251098206175,2018,44.850407406793096,273.06260708458217
30.0,UK,Industry,Unknown,106.0688950184809,2010,59.773185160643294,439.7598377865639
713.0,UK,Unknown,Oil,100.62045873999614,2003,39.13374823046293,443.9876454906901
278.0,India,Unknown,Coal,100.5544337695314,2012,35.930004220369206,431.1564556055746
248.0,Germany,Unknown,Unknown,109.90425906248224,2020,65.35468449934524,627.5977295765691
658.0,India,Power,Unknown,102.99863340126782,2011,75.24396537823222,411.8200895533229
307.0,China,Residential,Natural Gas,74.24105220964,1996,34.655198685947035,461.0283109806596
166.0,USA,Unknown,Unknown,110.71154893776858,2018,50.062845248918734,553.0502574167932
817.0,Germany,Power,Renewables,93.5045305344165,2002,45.37647476206678,493.7953811418182
179.0,USA,Industry,Coal,127.12156293613415,1997,51.5710869450332,392.39572205513537
486.0,USA,Power,Unknown,65.75121084871373,2012,46.677422553106496,499.4632527606518
66.0,UK,Industry,Coal,103.94600839985704,2003,57.56498927840156,418.8241223050392
142.0,USA,Unknown,Coal,83.25361841337217,1993,43.88730600805182,481.8363535702925
437.0,China,Industry,Renewables,82.7987828975385,1995,37.13238705347264,506.3853165028223
523.0,China,Power,Coal,108.94798692933584,2004,52.33092652514787,513.2347699508747
845.0,China,Industry,Renewables,319.05874685966864,1992,24.43682132528666,640.5170055595361
421.0,USA,Power,Coal,71.92486709894834,2016,68.51881891933871,539.7852007769319
405.0,Germany,Transport,Oil,155.5193430596305,1998,52.30438887710503,616.7931662953907
680.0,USA,Transport,Coal,79.36565976132879,2020,43.66526214449343,699.0676017189999
266.0,USA,Power,Coal,102.29421236327936,2010,37.785049369334345,503.3114611391733
880.0,UK,Power,Natural Gas,114.05907583813736,2000,40.29723216064163,571.2031720988388
293.0,India,Transport,Unknown,114.5463969404143,2000,52.05629814693488,438.83003388670215
222.0,India,Unknown,Coal,88.11646502540086,1990,36.53630086512219,517.562030822576
828.0,Germany,Industry,Oil,108.97226206636324,2006,42.2088202963732,466.0496358530113
236.0,India,Power,Renewables,71.43938333798471,1997,57.448964184470974,569.0266399172918
526.0,USA,Power,Natural Gas,112.7258633687722,2003,38.032531900749774,739.155482099146
193.0,China,Power,Natural Gas,105.86787911283804,2012,44.84991723644308,751.4438636617342
322.0,China,Unknown,Unknown,88.4942058019446,2019,57.49365942270041,672.8681575814306
892.0,UK,Transport,Coal,106.80118733721604,2020,64.40585080601879,433.935861711589
3.0,UK,Power,Natural Gas,130.89052007356187,1990,47.76840365819109,621.7275089890564
818.0,UK,Power,Oil,146.00791285370343,1993,54.1144832758859,332.6547658882284
371.0,USA,Power,Natural Gas,88.5970824143393,2009,54.64802130831977,463.6959226590548
922.0,UK,Residential,Coal,115.4207783990651,1990,45.5784502976348,557.473624647703
250.0,USA,Power,Coal,103.08631663267172,2005,51.03772836800436,470.8478689082504
549.0,China,Residential,Unknown,79.8563261238792,2017,43.66522007563078,493.4502919160274
433.0,USA,Industry,Natural Gas,113.12962423670184,2014,59.58719428323998,578.8784983127301
972.0,China,Power,Renewables,86.14537071022632,2003,51.68558301298035,481.6665656499215
508.0,Germany,Unknown,Oil,102.9047743356333,2008,51.59743367050745,398.9378236421452
34.0,India,Transport,Renewables,86.6695903745297,1994,29.932213122335188,651.6742288121777
205.0,Germany,Transport,Renewables,88.03264379539563,2016,51.58877120991153,483.41169500166217
890.0,China,Power,Coal,74.99863021587211,2008,55.37517383020115,590.3685641792953
731.0,USA,Unknown,Natural Gas,89.01706045908566,1991,44.52716350133791,534.9216807898543
85.0,USA,Industry,Coal,90.39595251705964,2002,40.21543746600793,518.4132773022544
306.0,Germany,Power,Coal,145.56497406362496,1990,54.84520345478016,604.4561275785371
83.0,USA,Transport,Coal,78.61498812095684,2023,52.03149201591207,679.1265064170707
998.0,China,Transport,Natural Gas,99.3885967316501,1992,42.65296963339984,507.1832907706664
752.0,UK,Unknown,Coal,114.92176239079367,2021,55.11253278539574,589.6390087348602
532.0,China,Power,Coal,105.59685321995217,2000,49.11681121187718,549.6092338076872
496.0,USA,Power,Coal,82.75295253873111,2006,60.05655093076597,559.3433759624111
911.0,USA,Transport,Natural Gas,116.02328039647846,2010,44.55636418490905,418.428888937304
,UK,Residential,Renewables,55.73545303946338,1994,39.48085074944311,454.28400364485503
426.0,Germany,Unknown,Unknown,103.12375645881755,1998,58.97757898715156,439.2259859833944
491.0,USA,Residential,Coal,79.53544467713404,2017,49.050934307290696,489.9628227722743
98.0,USA,Power,Renewables,133.7978691325258,2014,60.60395905233882,548.1957787247685
601.0,China,Unknown,Coal,118.67567825744686,2012,35.71142763455809,581.6496023893358
423.0,UK,Industry,Renewables,237.62117644507344,2007,42.19044808134055,487.6692347995203
886.0,USA,Power,Unknown,87.71526762902606,1998,43.9834759781856,496.4822583496442
282.0,USA,Unknown,Unknown,117.51015961023018,2017,47.386372176731335,391.2318123462327
267.0,USA,Industry,Coal,88.83781284588088,1999,43.835476546989526,361.6507627465709
443.0,China,Transport,Unknown,75.16767560407945,1993,43.92707815052159,445.00497805595234
746.0,Germany,Power,Coal,86.55443455624803,2018,56.10897673900797,493.21337689269
383.0,China,Unknown,Coal,88.76228672905143,2015,57.80126005873819,471.2277026053952
693.0,USA,Residential,Oil,113.09308325816016,2007,71.12345888290288,606.1924785488081
535.0,UK,Industry,Unknown,129.62477097177606,2022,50.87153940382175,573.4632854727337
119.0,China,Unknown,Unknown,73.24253017579535,1992,46.70560862907877,464.54429713029896
389.0,UK,Power,Natural Gas,94.55144597511418,2012,46.05672700764825,460.1078970783353
251.0,China,Power,Coal,140.83491821125705,2002,62.819922530943046,478.3595579040135
944.0,Germany,Transport,Renewables,129.18214314603955,1999,41.07230474142831,452.0598286294006
454.0,USA,Unknown,Renewables,94.257866149395,2005,55.420899248003735,535.695989621781
10.0,India,Power,Renewables,106.38666379386773,1996,18.12188523959857,341.5716107373357
197.0,Germany,Unknown,Renewables,105.53418087809968,1992,59.117653228420025,564.0905313793787
619.0,USA,Transport,Renewables,105.83460754506817,2013,37.09282480211588,477.7890038067415
82.0,China,Power,Coal,80.92790773960604,1990,53.49797727253623,319.9299682223165
399.0,China,Power,Oil,125.47280664303292,2012,46.074574417690265,489.81364899019695
502.0,USA,Industry,Coal,82.64000000922906,2007,47.13876409957053,623.4247815427473
635.0,USA,Residential,Coal,84.73702353712571,1994,51.058623980480526,470.6146439288631
240.0,India,Industry,Oil,125.23164795634268,2009,44.783910881459775,436.6571035802848
310.0,USA,Transport,Unknown,147.27435738593402,2004,50.259371141974405,518.9405900779561
212.0,India,Industry,Coal,337.7088752548826,2021,39.94693976518533,520.020360547896
835.0,USA,Residential,Coal,81.15868196875267,2017,49.87356187658221,512.6514454569667
381.0,India,Transport,Unknown,105.24724760647324,2002,46.4051120979638,434.6704022140605
602.0,India,Unknown,Coal,93.4927424329717,1993,52.218835087721,498.7419936497888
228.0,India,Industry,Coal,128.8799333114909,1994,62.7041646058122,444.6425492994538
874.0,UK,Industry,Renewables,91.54974531155914,2021,75.7107015662954,473.5415753111414
360.0,China,Transport,Coal,93.65308814542784,2018,48.45461005770131,413.08060214483976
814.0,UK,Industry,Coal,89.90895125831565,2005,57.83964247889247,650.1390107159541
178.0,China,Residential,Oil,101.7932450221652,2005,59.15094739582951,672.8879887396686
995.0,USA,Industry,Natural Gas,66.70780529932466,2022,62.63766846055477,688.599033588282
757.0,China,Unknown,Renewables,61.33117786428038,1992,48.17172689396706,428.4346298696762
494.0,China,Transport,Oil,83.00160908622708,1991,50.41457121134089,511.0165348694541
335.0,UK,Power,Coal,403.632616378576,2009,51.7778485382896,431.6302214745946
893.0,UK,Transport,Oil,103.82201236921829,2010,41.767949026985775,460.01770593138224
8.0,China,Power,Renewables,101.66161028564102,2017,47.85825462864499,535.5056278238919
156.0,India,Residential,Renewables,140.4523995680394,1998,33.995964382421306,541.9336469773964
843.0,USA,Residential,Oil,125.82807096432016,1996,44.132169704905145,410.90774079551466
751.0,USA,Transport,Coal,83.92055202386044,2004,57.65449238432276,509.1835758268346
942.0,UK,Industry,Unknown,114.45177003240212,2014,32.557578730607126,415.961029366041
483.0,China,Unknown,Oil,110.7278274456892,2013,42.96507118346813,506.3263154804086
847.0,India,Unknown,Renewables,105.1210972856652,2008,63.48880347121278,705.2841613079871
750.0,China,Residential,Natural Gas,132.20343058757214,2007,41.98933009600176,500.6655010735508
904.0,China,Transport,Oil,74.24961947881403,2021,31.326554313004937,569.6759143019159
592.0,China,Power,Natural Gas,93.82557693442983,2005,26.550296169181337,452.1461699577046
953.0,China,Residential,Unknown,284.5723580206452,2021,48.00333573862602,241.09360653115004
581.0,Germany,Transport,Renewables,96.62986738130265,2013,57.84166444217559,392.6560880892512
440.0,China,Unknown,Renewables,101.70707237775618,2015,37.40567389562436,610.2289374929152
543.0,UK,Power,Unknown,108.50604808455724,1997,54.779438773339066,498.9322135733356
597.0,China,Industry,Renewables,104.39834301211869,2012,61.12870140768497,702.0359535470601
724.0,USA,Industry,Unknown,120.95825938261156,2020,41.416446458805765,538.3436262596614
678.0,UK,Power,Renewables,101.21217671349866,2016,34.16350174839502,544.0784932342176
479.0,China,Residential,Unknown,141.6469748819117,1990,47.420106948260646,561.6225778793552
,China,Industry,Coal,106.8522479642778,1995,45.37742719919149,557.2918484129046
975.0,UK,Transport,Natural Gas,119.55136064323092,2004,55.89781475534338,629.4185349662287
213.0,China,Unknown,Coal,115.91406283399483,2012,46.48427921399873,532.0301933048545
80.0,China,Unknown,Coal,116.25914224731298,2023,58.71075728845595,407.5704276848371
149.0,UK,Power,Oil,82.2448398957753,1998,53.98695183622237,503.93458424563056
303.0,India,Residential,Coal,71.70094778567119,1999,32.918149306834096,366.4947904573104
356.0,USA,Power,Coal,106.10639559094132,2009,47.17423901213542,434.4622483932315
430.0,UK,Power,Natural Gas,107.94489218482906,2007,46.23089675590151,494.38548680147954
520.0,China,Unknown,Oil,115.85865880971836,2005,40.24225492609045,483.90636452009306
363.0,China,Unknown,Natural Gas,125.64197841917108,2023,41.8549578923839,515.3930193099005
595.0,UK,Residential,Renewables,125.41399170184384,2015,42.78583650254113,554.6128353193551
358.0,USA,Power,Coal,150.9366656289729,2006,48.28028393707325,387.7368554960655
830.0,India,Power,Oil,92.43409451477577,2010,53.79602101786254,444.2998905156011
312.0,China,Industry,Unknown,100.19862039466544,2011,45.96632326653511,443.6610335038995
622.0,India,Power,Coal,116.26147263258996,2012,48.245511702704896,597.1609563251387
465.0,USA,Power,Coal,106.5359781977956,2020,58.29380793589196,533.832518878458
994.0,Germany,Power,Renewables,108.54194633583336,2021,50.674058868378026,361.8615125447751
1.0,China,Transport,Oil,115.18421999839666,1992,47.65340662453437,452.54010313962215
317.0,USA,Industry,Renewables,89.83089319940512,2009,43.1116760567541,509.7798313402711
723.0,China,Industry,Coal,85.41841673794602,1991,49.55239692387826,578.008072222146
560.0,USA,Transport,Renewables,87.68742651004871,2006,50.259371141974405,470.1179612574341
372.0,USA,Transport,Unknown,112.36969025573045,1992,54.46030955252126,559.452107545652
545.0,China,Unknown,Coal,68.70173261561462,2013,67.47687464282984,595.3001592765982
850.0,USA,Power,Natural Gas,107.26238683342714,2016,36.73801844357116,636.586533518599
395.0,UK,Unknown,Coal,91.9156597605278,2021,49.85645533435852,392.3994349861089
173.0,China,Residential,Unknown,115.777985960669,2015,45.90883386344749,542.9132861522295
126.0,Germany,Power,Renewables,97.16608647904754,2011,47.10635574882171,493.77995847247007
899.0,China,Transport,Renewables,102.26192275640474,1999,67.85871124304117,513.5108067134064
579.0,Germany,Transport,Natural Gas,404.18850996317474,2023,54.60440507579736,521.6972790036873
949.0,Germany,Industry,Unknown,83.31271642007967,2009,49.33945001102523,530.2697994376732
921.0,USA,Residential,Oil,140.9163457617657,2021,61.41628864329489,399.016992390109
91.0,China,Power,Unknown,61.04226725473056,2002,60.66683108714503,540.5719196379237
971.0,China,Power,Natural Gas,118.3348983811844,2020,55.89123947667514,463.2841480046136
182.0,Germany,Residential,Renewables,276.2053733501199,2019,35.57273278626754,553.2411316043031
364.0,USA,Unknown,Renewables,102.33738764682226,1996,63.8432441815425,551.9036078049627
275.0,China,Power,Oil,134.43702325888663,2014,44.54890009776663,467.9715387233726
913.0,USA,Power,Unknown,83.65196377822558,1996,50.71324316124489,312.27760730548005
,China,Residential,Unknown,100.19862039466544,2013,60.894219244900505,549.8186142256155
292.0,Germany,Transport,Natural Gas,107.77440246102218,2021,46.88648573223975,532.0368564292742
132.0,India,Industry,Renewables,104.4702221265833,1991,48.52277954916924,353.1132435134008
301.0,India,Residential,Unknown,96.29669542050252,2012,39.44074186489157,462.75138784946455
448.0,China,Power,Renewables,86.9183998037136,2017,71.34962939679394,371.2367803554466
327.0,USA,Unknown,Oil,94.12922315684868,2002,45.87008365910256,479.94794687470255
145.0,USA,Industry,Natural Gas,101.7214572998735,2021,65.41672811796367,453.7043897391528
552.0,USA,Transport,Oil,108.54911849990232,2008,41.75728822682991,403.8502001628599
596.0,Germany,Power,Unknown,112.6163169828924,2023,48.521934964528825,420.6503541664688
656.0,China,Power,Unknown,86.67522551483545,2001,47.526722669221776,565.0922158040969
136.0,China,Power,Coal,129.14717116542042,2018,50.11928237400157,548.0050268005002
431.0,UK,Power,Coal,74.63928900997693,2005,57.590903953883966,627.5093021881698
165.0,China,Industry,Coal,77.164718149684,1995,42.34777633995307,603.8936761436433
29.0,USA,Power,Coal,89.24620605144274,2022,49.09625968881559,541.2630623065876
588.0,USA,Residential,Renewables,65.17861379874702,2013,56.15778849087924,596.9381786948996
194.0,India,Industry,Oil,98.50070098321903,2007,46.77641449154758,582.4098456662631
791.0,UK,Transport,Coal,103.82201236921829,2023,51.86013378199094,456.5988187432992
653.0,Germany,Residential,Oil,107.4242573611366,2023,71.02436676981839,316.1387223504304
170.0,China,Unknown,Renewables,63.39217736181704,2020,51.21254683103932,485.206069809241
514.0,USA,Residential,Coal,77.45153887706984,2019,49.50403237975254,281.66510815702225
141.0,China,Unknown,Unknown,107.15248518647788,2003,49.55239692387826,645.8639448503105
7.0,UK,Transport,Oil,123.93789903604832,1999,50.86425418786191,585.6939303718109
657.0,UK,Power,Natural Gas,106.24139195589936,1990,45.9921035502051,572.4623146764394
965.0,USA,Power,Oil,65.6249821427567,2009,68.23491469299441,365.6428516327106
74.0,UK,Power,Coal,106.63943467906964,2022,57.49043944526039,447.6942759961414
765.0,USA,Power,Coal,71.62582924905053,1994,57.01496868118987,561.1757575961315
654.0,China,Unknown,Renewables,123.0647715709048,2020,47.43790427860016,364.56210700456063
239.0,China,Unknown,Natural Gas,95.23443078600832,2016,55.30566604537734,497.697754156459
146.0,China,Unknown,Renewables,112.77566158896418,2016,34.2058501050694,360.7723819144096
809.0,Germany,Industry,Coal,105.0772241802917,2007,53.6122159640088,411.0756311105899
235.0,USA,Unknown,Coal,68.78218194491869,1991,63.65838605556464,565.5971464959641
221.0,USA,Transport,Unknown,95.5148968248486,1997,54.040586174594175,285.5959874325331
674.0,USA,Unknown,Unknown,105.03575413787878,1995,48.99690359007447,491.3812664181891
133.0,USA,Power,Renewables,101.44755172562068,2002,46.71337984837704,616.8843557402719
447.0,China,Residential,Coal,112.62113036043012,2021,27.260497907634548,527.3857280399125
671.0,India,Power,Natural Gas,113.24962120329032,2006,51.374763451411454,362.021758840055
186.0,China,Transport,Renewables,106.06245923183688,2004,64.20176962693374,419.06725743179936
42.0,USA,Residential,Unknown,126.13114923528695,2011,40.0723482424818,499.4632527606518
626.0,USA,Power,Unknown,108.87227845364356,2010,46.54083699400006,579.4096374959444
109.0,China,Power,Oil,106.14129033140486,2018,51.81764683199764,421.9787077633598
604.0,USA,Power,Oil,465.1630146687045,1990,52.52317905730539,476.1237280111752
57.0,China,Transport,Coal,117.00187978633618,2019,39.42942832284224,500.6655010735508
429.0,China,Power,Natural Gas,99.6339303195702,1996,59.096211314190064,529.2892569154715
469.0,China,Industry,Oil,89.52911237426285,2020,57.61727129407676,515.1179643112906
577.0,USA,Residential,Unknown,109.23024810031616,2003,34.299767069204634,651.8624039456428
878.0,USA,Power,Natural Gas,74.39749386133622,2009,47.9109146779136,369.479190219469
25.0,UK,Industry,Oil,71.10885112950406,2021,38.67717244522719,445.64070762763424
441.0,India,Residential,Coal,112.6981560822744,2003,43.28924573093456,385.58508555829394
883.0,India,Industry,Coal,85.42909955359987,2018,52.230875603805,574.4147788948119
544.0,USA,Industry,Coal,144.37479354401682,2000,60.18812079700944,364.3261932743808
634.0,China,Power,Oil,85.61513324074068,2000,54.62465305802651,325.8609393673474
831.0,Germany,Power,Coal,91.6444040513644,1997,37.64636973327548,445.39020243829566
945.0,USA,Unknown,Coal,83.37201065465094,2022,63.92164005221382,590.9297226349221
339.0,USA,Residential,Unknown,113.75726654374036,2019,53.47665246407426,515.8831939728892
52.0,India,Transport,Oil,121.13310567545584,1995,57.04222289484417,491.07613334575785
528.0,USA,Power,Natural Gas,120.5540881321138,1997,48.3127782180273,504.595939611877
939.0,USA,Power,Coal,72.35080150107817,2019,49.28608131689349,626.1463984866183
888.0,China,Power,Unknown,104.23499436162254,1996,45.99806498985628,527.2916114252689
265.0,UK,Unknown,Coal,124.7726409608224,1994,57.4331212954292,401.9141563575709
550.0,USA,Power,Natural Gas,103.3545164410244,2006,56.64387534235627,339.6654090341257
914.0,India,Industry,Coal,108.71349821811825,2015,24.505769444153024,485.1152484837886
396.0,USA,Power,Natural Gas,102.58822516551196,1994,48.69877370310113,199.37555718903195
530.0,India,Power,Coal,90.58342046972348,2001,38.976905257587084,523.4915247519441
869.0,USA,Unknown,Coal,108.52239052809324,2008,52.94341187618399,507.98307918829767
19.0,China,Unknown,Renewables,124.2147907787817,2016,51.231060845876094,610.501843885161
732.0,China,Power,Unknown,125.39357679204268,1997,39.9158006906881,522.8946380204239
679.0,Germany,Industry,Unknown,108.76765160256808,2002,54.17201574379194,442.79975617368655
582.0,China,Residential,Coal,103.98975884554828,1998,69.21167620569041,559.8848007436608
977.0,China,Residential,Coal,72.47915472421292,2017,69.2837356580892,575.5996052776917
368.0,Germany,Power,Unknown,97.9424591181668,1999,35.79804382718249,423.89748155056526
84.0,USA,Unknown,Unknown,61.269625309837686,2018,54.96775573766909,514.7351273143245
62.0,China,Power,Natural Gas,82.89338971221483,2023,49.55239692387826,289.488881193721
842.0,USA,Transport,Oil,109.86344006403442,1999,53.91488373130501,597.00370736638
273.0,China,Transport,Coal,83.83716291185462,1991,39.57538383068764,437.0732401074456
286.0,USA,Power,Coal,92.89832203551909,2001,40.26377990384373,478.5588138293307
361.0,USA,Unknown,Coal,126.6295761479559,2008,69.26207562732577,377.3929407183693
355.0,USA,Industry,Coal,116.17971030065952,2019,58.659526839166446,298.4816335642263
482.0,China,Power,Coal,113.48802482988638,2006,59.33740292537338,416.64979602824616
279.0,India,Industry,Coal,89.64174699892419,2013,48.28973253454376,542.2878846753331
13.0,India,Power,Coal,112.68482286118444,2008,36.51846425981734,402.1152161676654
183.0,USA,Power,Oil,82.81319432601379,2001,41.40972461131291,692.9330786688946
369.0,USA,Power,Renewables,115.9650814285089,2021,58.21454429253406,437.0727209226086
600.0,China,Transport,Coal,87.56745651928193,2001,63.54441072784276,421.3934900347861
224.0,USA,Industry,Oil,108.65457198260368,1995,42.46815875596334,335.4076153553983
715.0,India,Industry,Oil,95.64918502832111,1993,40.521852448715535,614.3675739404825
778.0,India,Residential,Unknown,114.8916805439936,2012,37.79475825281954,637.8671417303589
558.0,China,Residential,Coal,95.72575696008236,2002,50.14490197319791,454.7519440013599
466.0,UK,Unknown,Unknown,132.58019206698538,2018,59.005778181932165,452.2959259223179
598.0,Germany,Industry,Oil,73.47809881906286,2020,52.38480811363931,506.0100193906401
708.0,China,Transport,Coal,78.02595045230599,1996,51.21507296840743,487.5352261674957
177.0,China,Unknown,Renewables,91.47145949773665,2000,43.11041588541504,500.7593935378124
681.0,China,Industry,Coal,124.86366874428715,1995,69.07808788981279,557.7580180331922
854.0,China,Power,Renewables,100.19862039466544,1995,41.07145359122269,639.6341493160928
955.0,USA,Industry,Natural Gas,105.2770340214787,2014,53.2456753487414,575.3433693247337
457.0,USA,Power,Renewables,110.4752043489136,1997,45.2653787682445,512.2239751848496
533.0,China,Unknown,Coal,70.4534391818772,2020,46.58412078491272,356.7403370208459
394.0,China,Industry,Coal,100.88518772140658,2017,39.40049921015283,448.1448392788905
164.0,China,Unknown,Renewables,77.52197066269814,2017,41.82704539119358,553.5045191703998
249.0,Germany,Residential,Coal,100.77731124097129,2004,43.32692332645618,333.46909213223626
650.0,India,Transport,Natural Gas,102.62204181371835,1998,31.87665416229278,491.994225146591
903.0,China,Residential,Coal,106.82254626879416,2006,47.76557090136872,306.63629589903223
685.0,India,Residential,Oil,122.2903256843692,2014,54.02192637447722,638.5789422359808
376.0,India,Transport,Coal,87.04623948633139,1997,54.08849018998742,393.50667108418617
413.0,USA,Power,Renewables,97.02944895276734,2004,37.76803098278857,546.8243298071535
75.0,China,Residential,Oil,90.2648598298143,2008,54.62013309929285,483.4992638633658
114.0,Germany,Industry,Renewables,138.29424611995984,2018,50.76953990225545,611.6188064433849
584.0,UK,Industry,Natural Gas,92.12485367053576,2009,56.9172108070769,524.9365591126608
573.0,UK,Power,Coal,103.6962654152837,2005,51.87931652271149,474.0024011331766
391.0,USA,Industry,Coal,111.53676335749188,1991,38.60308294952792,579.425667816207
105.0,USA,Unknown,Coal,108.92000189334372,2014,43.50481789096169,403.3476599072936
115.0,Germany,Power,Unknown,120.24135729407716,2008,65.00649789733042,395.7460552517116
418.0,USA,Power,Renewables,76.426738210575,1998,48.86936535972969,465.0134161004207
669.0,India,Transport,Oil,129.40641544072972,2015,65.3316411668543,492.76023759723824
458.0,China,Residential,Unknown,105.42842987601884,1997,56.80765748655567,444.57704568523394
410.0,Germany,Power,Oil,101.95351711120558,2001,45.74138413598402,356.8803777421373
93.0,Germany,Transport,Unknown,121.42249147569302,2015,41.937818331909554,534.5151149806441
820.0,UK,Power,Renewables,97.07315292690328,2015,51.662341319881214,431.4231592154683
90.0,China,Residential,Oil,90.22037025141684,1996,32.402407798223734,500.6655010735508
940.0,USA,Unknown,Natural Gas,130.81571623989498,2009,57.24596996442464,407.6693898149466
952.0,China,Power,Unknown,105.95712188412044,2023,51.17858652247548,298.9306090417933
884.0,UK,Unknown,Coal,74.43883041764397,2023,60.56184139626095,638.6540134991816
621.0,India,Power,Coal,110.06569337633296,1995,50.00710121565964,505.3540630615501
790.0,UK,Power,Unknown,83.1144196295401,2017,54.12782752823927,530.2358693016912
627.0,USA,Unknown,Unknown,112.34060340641392,2017,34.93126681196833,603.5736507429506
95.0,China,Industry,Oil,96.98328758786889,1996,40.22019789457475,492.2847351391895
12.0,India,Residential,Coal,122.4435005760337,2009,46.85336382653219,557.5679522535459
397.0,USA,Residential,Unknown,104.55306565262607,1999,52.49634475788989,518.2515996581355
546.0,China,Transport,Coal,95.6561329987807,2010,40.50042045753218,407.5707541144135
44.0,USA,Power,Coal,102.23677341516861,2018,43.7539909323166,347.29010850171306
43.0,China,Transport,Coal,81.90970622021135,1998,57.80815427814137,427.9732281589463
168.0,India,Transport,Oil,119.13713758551148,2005,34.89769754583102,604.5311430103959
417.0,Germany,Residential,Coal,99.1885634650965,2021,64.5328230625247,493.1472755142476
877.0,UK,Industry,Natural Gas,92.66997888975796,1994,54.25535774857266,410.604460923742
427.0,USA,Unknown,Oil,104.037991192569,2001,44.8591694728614,394.1474313542885
900.0,USA,Unknown,Unknown,81.2134652426812,1991,52.970557714919096,472.3782003999573
981.0,USA,Industry,Natural Gas,91.59209755276746,1999,54.4745554213297,442.6717377423066
976.0,USA,Unknown,Coal,84.94310461228552,2001,51.46916276637929,474.7961263413712
688.0,USA,Industry,Unknown,115.46026724507622,1994,86.57701803999075,501.4819231562963
258.0,India,Unknown,Renewables,110.56606069333836,2003,39.04893948064399,362.2542592974627
336.0,UK,Residential,Renewables,116.70988555841522,1997,51.41761035578557,576.4298080938507
16.0,India,Power,Natural Gas,129.16865416298344,1990,46.72679803725144,342.90719428782324
645.0,China,Industry,Natural Gas,100.19862039466544,2015,44.33432805471031,129.12033906767084
325.0,Germany,Unknown,Oil,91.28339318156976,2015,34.11052717083891,434.4236257294309
775.0,USA,Transport,Natural Gas,81.93313027406003,1992,45.579931680395966,688.5382316014634
180.0,Germany,Residential,Natural Gas,84.10878945182891,1991,62.32213956339769,521.5819473218603
522.0,UK,Unknown,Coal,67.64332188883355,2021,54.59390416327854,631.8105360497067
23.0,China,Industry,Coal,92.12037273395156,2013,44.59746996664233,451.5773118518048
357.0,India,Unknown,Coal,101.1115111999632,2001,48.28282433403779,541.8463859113793
962.0,USA,Transport,Coal,62.45114229527782,1999,28.506864490818668,701.5530261362825
906.0,USA,Unknown,Oil,102.23677341516861,2005,60.79681204722377,501.6171798945746
341.0,India,Residential,Coal,92.46009681665927,2009,46.08520049911808,500.0221516397
432.0,China,Unknown,Coal,102.4665814878108,1993,39.619114961837134,579.0870112203894
774.0,Germany,Power,Coal,92.69274018454536,2002,53.78070796001403,493.77995847247007
851.0,Germany,Residential,Unknown,102.63439779068632,2018,63.66472842343359,663.0734954636373
204.0,USA,Power,Oil,103.2312602687998,2002,54.99260031382799,393.4664305880744
918.0,China,Transport,Natural Gas,87.44233571116422,2022,54.08726934974574,500.6655010735508
94.0,China,Unknown,Oil,85.43686447864425,1992,49.36626832368014,415.0258667840079
571.0,USA,Power,Oil,62.40878743979956,2016,68.89994897320516,357.33241047796605
69.0,Germany,Transport,Unknown,86.17365257966446,2017,66.90009933603761,390.6513266314033
755.0,China,Unknown,Unknown,133.670929975569,2009,51.38298116799911,552.1214578359354
285.0,China,Power,Unknown,93.02030606752828,2010,44.446576961366745,498.5660290026842
928.0,China,Residential,Coal,135.27114880013437,2008,46.69119865616703,662.0840176903156
435.0,China,Power,Renewables,121.24468660699206,2002,49.11420969180332,403.7801050678336
154.0,India,Unknown,Natural Gas,90.73670267057068,2014,35.27013612258244,580.8110561756063
76.0,India,Unknown,Unknown,102.83670334285809,1992,48.29773108408256,608.2683516983682
747.0,USA,Unknown,Coal,115.65674329475785,2012,46.48374832139076,476.3512351095727
189.0,India,Power,Renewables,107.7977363894479,2015,48.83609337139224,511.4528795786582
272.0,Germany,Industry,Natural Gas,117.1862019538689,2008,50.489674885720135,509.3029619593424
237.0,China,Unknown,Renewables,88.55405894431868,2000,48.296990344893736,555.0826582176122
488.0,USA,Industry,Coal,133.9065906573938,1997,55.68709016035673,395.95362293807216
118.0,UK,Residential,Renewables,128.5864852542571,2004,47.38670940548532,480.1933502475224
836.0,USA,Transport,Coal,109.08027603433536,2018,51.26000519044067,474.9789727235858
513.0,Germany,Industry,Oil,119.23708712409876,2012,53.86003314959801,545.2323232964981
143.0,Germany,Residential,Coal,90.0500268318972,2000,38.32273312389739,665.7142464927699
,USA,Industry,Natural Gas,122.27897266431322,2023,48.24482572212951,518.7914711191918
,China,Unknown,Oil,97.536435703799,1995,51.57044247208671,577.1117751462053
117.0,USA,Transport,Natural Gas,523.9308466820346,1991,42.30689975508065,499.4632527606518
474.0,USA,Industry,Oil,132.83053897288303,2002,47.7682882852658,519.4804915160635
709.0,Germany,Power,Unknown,105.71837320951964,1990,55.0745433828654,388.9443751032991
58.0,Germany,Power,Coal,117.5143172480196,2006,40.39203539162423,420.07142861337286
690.0,USA,Power,Oil,85.61360019740894,2009,60.84429577384396,289.82956718901977
370.0,Germany,Power,Unknown,96.08278359824324,2004,50.45616429321544,543.7441077665586
269.0,USA,Unknown,Renewables,117.04702713788944,2014,44.63276889916971,572.2720979453153
47.0,China,Unknown,Coal,88.34726251401096,2021,61.24695856796896,327.9389007503658
350.0,Germany,Industry,Renewables,117.1576621226286,2006,51.98696184381404,583.6301800671722
196.0,USA,Power,Coal,102.23677341516861,1992,63.51502903456121,580.4770521893766
497.0,USA,Power,Coal,144.7948607985573,2019,33.00502571321556,472.6350212321987
852.0,Germany,Power,Coal,82.02278786082815,2009,49.4813483319444,526.1838986406381
707.0,USA,Power,Natural Gas,132.33140988234834,2006,66.67062436142176,676.2990315375771
753.0,China,Power,Renewables,78.29087846207568,1998,45.88145488955232,363.66437421197503
264.0,China,Transport,Renewables,74.53680461514935,2005,55.19863439799813,500.6655010735508
444.0,China,Unknown,Natural Gas,103.32531291801467,1997,25.87886094949583,560.9851543799615
959.0,China,Industry,Coal,111.74275368425695,2001,62.32921095047247,440.4479209664021
305.0,India,Unknown,Coal,88.74773034342688,2008,61.7685624361858,564.7325611462225
342.0,India,Power,Coal,111.51559565332906,2005,48.40664575304197,665.1449830275244
614.0,Germany,Industry,Coal,110.34393669078028,2022,58.002253380013485,679.5108448343941
987.0,China,Power,Oil,76.92752019434649,2001,41.57203397758138,499.46085002731337
150.0,India,Industry,Natural Gas,102.29738087077764,2017,45.10760767000905,604.9049606854337
125.0,USA,Power,Coal,95.9829704341876,1997,47.30159459328184,395.0174466481869
803.0,India,Residential,Oil,88.5865730277335,2010,51.83060220372871,582.5018579721759
870.0,USA,Industry,Renewables,96.33617308565756,1995,66.65309046060091,383.5202984919765
51.0,UK,Residential,Unknown,81.85747307489498,1991,43.64772533470799,348.15463410329085
354.0,India,Unknown,Coal,78.69630631833108,2020,42.6028318249744,586.3218979017423
946.0,USA,Power,Oil,113.95173200694356,2002,53.2626978292838,652.6332728412694
471.0,Germany,Power,Coal,81.81270460718774,2009,39.35141595270048,464.154739401285
400.0,USA,Power,Natural Gas,90.034642337993,2006,56.9211950508849,593.3746208837993
717.0,USA,Transport,Coal,83.55136845490274,2017,50.70890652822065,435.7007609881041
321.0,USA,Industry,Coal,116.99433512809222,2009,59.15985355945795,516.0316428786997
20.0,Germany,Industry,Natural Gas,112.38074396572588,2012,59.24334282991782,718.5779812271168
827.0,UK,Industry,Unknown,99.0278621025437,2002,33.87981099327473,459.9520507193162
807.0,USA,Industry,Coal,72.4654059499274,1991,40.4501135211336,460.68962496621214
826.0,Germany,Power,Coal,110.77612423503908,2001,47.14121703806525,376.5110955874217
408.0,USA,Power,Natural Gas,102.83722110415,2014,63.31588032487699,406.33065201894686
538.0,USA,Transport,Natural Gas,83.0122616968819,2010,65.79940107943446,476.79754895833617
636.0,China,Residential,Unknown,102.7150775983533,2018,58.246673344105616,503.9857541584972
39.0,Germany,Power,Coal,606.7599300812491,2005,58.42831244728431,493.77995847247007
176.0,India,Transport,Renewables,74.33645144140384,2002,54.27133728687661,498.206451942486
246.0,USA,Unknown,Oil,86.07160414154794,1992,70.77677132919443,593.0959285887998
846.0,USA,Power,Coal,95.59490797007824,2004,51.41440512923354,475.8657227596991
683.0,China,Transport,Oil,85.89148703841649,2011,47.4851074250851,607.1023946360768
771.0,USA,Unknown,Coal,72.37780488170506,2009,45.83442370161797,525.5517756641375
969.0,USA,Power,Natural Gas,486.59534167428046,2016,61.37805822697871,499.4632527606518
155.0,USA,Transport,Natural Gas,83.93272407879458,1997,61.89891053874991,363.6457828812577
288.0,India,Power,Natural Gas,112.69080576114447,2009,48.26846898200302,572.1696518445576
618.0,USA,Power,Coal,87.3018616051517,2010,60.69279457572441,440.51266388337575
570.0,UK,Power,Renewables,121.198811121183,1993,58.94530217388517,457.6164578100624
,UK,Power,Renewables,90.52857532457384,2021,62.566858059021015,573.8796517200235
128.0,India,Residential,Unknown,122.38525889550526,2001,60.1938597696021,630.5626761568009
323.0,India,Transport,Coal,120.76479185731516,1992,56.09733567849832,565.4536849827144
256.0,USA,Industry,Coal,94.7565259427232,2011,48.15761960554497,547.4537346465531
689.0,USA,Transport,Renewables,66.21883101342208,2015,53.617857622617386,399.38330875848686
985.0,China,Residential,Coal,99.95667093544228,2003,44.68110642498243,660.016363886506
191.0,Germany,Industry,Oil,103.5885836670817,2001,60.55544602131975,662.4839044654841
116.0,UK,Power,Natural Gas,54.3170428503532,2008,59.08336161081095,409.6936760903996
632.0,UK,Industry,Unknown,103.82201236921829,2014,36.02502676080736,580.0157962585735
607.0,Germany,Residential,Coal,98.03122027688735,2019,57.2068947119423,493.77995847247007
181.0,UK,Power,Coal,88.98616856939374,2019,64.32872431267081,481.9873868902179
302.0,China,Power,Oil,68.14394401295029,2014,49.84707339038542,561.2232686791106
941.0,India,Transport,Oil,101.39096175514486,2017,55.15054626352334,401.32448108287633
729.0,China,Power,Unknown,613.7706202714778,2020,53.656485866559045,500.6655010735508
740.0,China,Residential,Oil,70.86324261213355,2023,55.947649147769305,602.9712895535159
346.0,USA,Residential,Coal,105.34813964710928,2012,47.564895440981054,536.2542570136438
788.0,USA,Industry,Unknown,279.151807146069,2019,34.515425432317286,634.1749483751598
518.0,China,Power,Natural Gas,113.44121038187536,2000,51.33486745442665,443.6052136888571
243.0,Germany,Power,Unknown,273.11858227103727,2016,53.91843687997405,545.2053758084224
46.0,Germany,Power,Natural Gas,107.93788451662502,2002,48.28649007196381,557.0342126806361
927.0,UK,Residential,Oil,117.12901360030318,1993,33.69318219075683,532.5883463350234
158.0,China,Industry,Natural Gas,244.63551481824956,2006,47.35385296627871,534.3233798400075
761.0,UK,Residential,Coal,95.64095893462708,1993,44.31975566707409,542.9116929161
172.0,China,Power,Renewables,77.6276133113288,2010,49.59205510215039,378.9842975769312
17.0,USA,Transport,Unknown,94.24817961099625,1993,38.47830620479981,435.11478165901104
512.0,China,Residential,Renewables,86.07695282073757,2020,37.52804395706569,459.308301599972
49.0,USA,Power,Coal,112.35340736531498,2006,49.19434201687629,517.9065429273385
992.0,China,Industry,Natural Gas,100.00842518474236,2005,48.22336743974938,469.1530666790096
858.0,China,Power,Renewables,86.9010807839462,2005,52.015440017994216,324.65086425806203
516.0,Germany,Unknown,Coal,115.69200636873416,1998,57.94437907998861,537.9892036803484
912.0,China,Residential,Oil,142.2174527404856,1993,59.31340923183002,611.7335540001984
481.0,Germany,Unknown,Renewables,95.56346437487416,2002,41.58668838191024,566.752211270234
284.0,Germany,Power,Natural Gas,82.30367266620706,1994,46.30646889953437,447.4346625916275
735.0,India,Residential,Natural Gas,101.20643829065943,2019,44.5547784130568,520.020360547896
226.0,UK,Transport,Coal,96.15352173855273,2021,64.47035459921203,430.1212381472545
27.0,Germany,Residential,Renewables,103.5885836670817,1994,49.34485490941268,469.47339476349
799.0,China,Unknown,Oil,129.6542958834483,1999,43.516897298563045,462.207663971486
438.0,China,Transport,Natural Gas,111.1368235710584,2008,51.080007439469696,386.1618611444252
970.0,China,Power,Oil,51.853115860321154,1991,44.089868264728935,564.2209772311262
365.0,India,Power,Oil,106.33885234024326,2023,46.251956155049285,601.8209584552696
230.0,USA,Power,Renewables,104.4013926593344,2014,59.07618276800207,602.4947556163763
38.0,Germany,Industry,Unknown,107.71768766168653,2012,64.18556686391851,604.0507977349105
986.0,China,Power,Coal,125.44117964679766,2023,47.34240181287108,582.6480870360276
375.0,China,Power,Coal,96.628207583785,2000,44.498622885219305,450.9778407984711
470.0,USA,Industry,Coal,99.25286317516122,2010,40.063189892342585,632.1311714652524
988.0,USA,Power,Oil,102.27248914988654,2011,53.86154688159816,410.6385498343946
868.0,China,Power,Coal,100.05523671767872,1998,53.94071710113464,591.5019924919956
909.0,USA,Power,Renewables,103.96568708351025,1990,46.86258722645709,579.8768661473551
742.0,Germany,Power,Oil,70.73188083146623,1994,42.60981103001032,591.3850143408165
195.0,India,Industry,Unknown,374.1268350736989,2021,23.50900456732941,520.020360547896
935.0,USA,Unknown,Renewables,111.95463416227248,2016,48.862614268153614,712.2026046300687
882.0,China,Residential,Oil,118.96242878201288,1993,38.36538368100008,354.9378346647192
504.0,Germany,Residential,Oil,103.5885836670817,2010,32.834581118135475,490.138235635944
990.0,India,Residential,Renewables,127.93256959014624,2011,53.45201777229469,405.13980948141625
848.0,Germany,Transport,Natural Gas,93.5352407095582,2002,64.97698516041463,564.4291526261254
580.0,UK,Unknown,Unknown,87.82827827987158,1992,49.27152832947828,405.2485526348608
989.0,China,Industry,Coal,92.0712834113717,1995,53.11201313958819,589.8418671627151
163.0,China,Unknown,Coal,81.13233901260128,1998,43.59602320941394,479.9402185069068
718.0,Germany,Unknown,Renewables,126.33917673373408,2005,41.03968436234412,478.7316829779078
153.0,India,Residential,Coal,125.29156754676929,2004,53.605152149444976,575.9596190885736
697.0,USA,Industry,Coal,96.59640666986895,2003,47.65964228043424,408.047753386055
716.0,Germany,Transport,Renewables,70.21999289752057,2005,56.05458416820535,601.8453459263974
929.0,UK,Residential,Oil,67.0440378323193,2015,63.37806455426785,374.2582779420973
112.0,USA,Residential,Renewables,96.7164117675899,1996,44.96443374182628,575.6518098541026
227.0,USA,Residential,Natural Gas,449.6854748098418,2004,64.664557261574,499.4632527606518
704.0,USA,Power,Coal,108.05643442165952,2009,52.55638975133164,499.4632527606518
104.0,USA,Transport,Unknown,99.90601191119656,2005,38.064577255649695,470.01865430313376
422.0,USA,Unknown,Renewables,70.93669707491445,2010,47.189323620586336,601.6629674886309
420.0,UK,Power,Oil,98.98294957517852,2015,56.67660792646923,349.3758614373692
,China,Unknown,Oil,121.50786891292154,2010,47.681738307575245,565.669425966443
587.0,USA,Power,Oil,96.29325754368485,1992,41.11536797641191,639.7035385028994
673.0,China,Power,Oil,116.6579865719478,2003,43.71663851203767,591.504998266939
120.0,UK,Transport,Unknown,111.03118540424848,2000,44.85847483479256,763.1440405426517
54.0,UK,Transport,Unknown,78.36594320839197,2019,34.96778065587139,464.848819810072
152.0,USA,Power,Coal,81.56258056793476,2023,61.52944551822864,526.4613844068214
404.0,India,Unknown,Oil,123.93381635309277,2023,51.68922623332275,488.98913157439335
964.0,UK,Transport,Oil,73.00902303651262,2023,63.33488499505068,673.9323140242075
208.0,Germany,Power,Renewables,108.42946899751806,1999,37.950643987719616,549.0915348926659
659.0,UK,Unknown,Natural Gas,87.60131625190208,1990,49.23636800679366,233.6345859562605
779.0,UK,Industry,Unknown,121.17008600902356,2003,53.79710524234558,482.3378246039597
9.0,China,Transport,Natural Gas,106.24983360514275,2010,49.16606378871116,469.10713556502617
825.0,India,Industry,Renewables,83.05140615764108,1996,70.4957492862454,578.2111276650944
37.0,China,Industry,Coal,80.15314320250299,2001,40.13775513717481,464.584721006148
453.0,USA,Industry,Coal,134.37700980809643,2023,52.02326814884141,502.6961156186352
652.0,China,Unknown,Unknown,138.87206096366342,2010,43.21693267484804,399.435401360805
254.0,USA,Transport,Renewables,110.64060386584904,2000,66.30581970330063,554.4037856773779
304.0,China,Power,Oil,48.13707631316515,2011,58.18172800364117,390.9832150791033
763.0,India,Industry,Renewables,128.4051386488392,2006,34.70651679486641,529.1044032861646
572.0,Germany,Transport,Renewables,76.21854268392305,1998,56.82135966745581,513.4412527902276
624.0,Germany,Power,Coal,123.9067223600563,2016,67.59697192334312,423.0665415908701
859.0,Germany,Unknown,Coal,79.26097988050117,2007,42.35954218406157,468.6004903692048
759.0,UK,Power,Renewables,592.6244321524891,2006,38.16224049181472,487.6692347995203
611.0,Germany,Industry,Renewables,149.34407421624985,2009,68.7557146003434,315.4991993566502
298.0,Germany,Unknown,Oil,95.69003595360262,2000,44.4843919107599,492.07033424715536
415.0,USA,Unknown,Coal,339.264034299742,2002,32.60612388844205,499.4632527606518
151.0,Germany,Industry,Unknown,74.34121341403412,2020,34.538378803891014,334.64178843751665
862.0,Germany,Transport,Coal,104.5985293578686,2008,44.39454823922027,485.8406951896309
641.0,China,Residential,Oil,75.87457381434396,2019,55.06604027501984,450.7774478646258
907.0,India,Industry,Oil,103.47353292277052,2020,40.49137714533312,606.235670072292
551.0,USA,Unknown,Renewables,104.52601869643736,1995,43.20695230634264,600.1316245209956
808.0,China,Transport,Natural Gas,90.71557805133548,2001,50.3675822654943,412.8788997651544
489.0,China,Power,Unknown,489.33487085636045,2015,53.114675632610535,500.6655010735508
711.0,China,Transport,Coal,48.18908053759884,2002,51.34040886233024,527.3149317004206
148.0,USA,Unknown,Unknown,131.76088312139163,1991,64.07258975064946,438.5096471228398
147.0,China,Unknown,Oil,107.34464598844428,2019,48.578145010117765,527.2569117203607
950.0,China,Industry,Coal,123.42852695527743,2016,64.95844917653247,520.267836338519
756.0,India,Power,Natural Gas,89.45757229169767,1995,44.9577903607784,618.6647475561491
660.0,Germany,Unknown,Unknown,148.14755167862438,1990,46.97703567461311,500.9120719501876
349.0,USA,Unknown,Unknown,95.89574051001608,2009,54.7527147397199,402.2662440781279
464.0,China,Industry,Oil,99.01933253133043,2001,44.38535643131316,601.6820493446502
326.0,China,Transport,Coal,101.3858812109778,2019,64.80108791954615,500.6655010735508
187.0,UK,Unknown,Oil,107.3504460501874,2005,46.56117805187338,476.7181917779081
124.0,USA,Transport,Natural Gas,82.31969090881587,2021,66.93550790715355,476.35678199204193
871.0,USA,Residential,Coal,73.09030327495556,2004,37.141973659354754,510.1950967406336
609.0,China,Industry,Coal,102.7659737957162,2010,42.21060359183759,416.7508821769368
144.0,China,Unknown,Coal,86.22992984145648,2020,49.55239692387826,610.5613112948723
979.0,India,Industry,Natural Gas,88.0720956412903,2013,42.070525026684,723.3193846651186
198.0,China,Transport,Natural Gas,114.64281126970232,2019,32.666161379450855,539.4396524182841
610.0,USA,Residential,Renewables,93.20170988461568,2014,46.849032669678905,359.3525995965539
280.0,USA,Residential,Renewables,104.8209695421633,2000,39.37223172533835,222.57798240151857
294.0,USA,Power,Renewables,86.51559187376273,2007,39.65863000943235,206.3837969900844
401.0,UK,Power,Natural Gas,82.68973630447987,1990,56.31217200495194,367.9809764167508
123.0,China,Industry,Oil,100.19862039466544,1991,58.80714388006484,541.6972074050458
184.0,UK,Residential,Coal,122.84770287948253,1999,58.1354803997055,439.47584900748177
203.0,UK,Transport,Natural Gas,67.52085582477918,2010,40.76666055631212,507.226190097399
439.0,USA,Transport,Natural Gas,140.66587538932913,2002,48.583302146433965,620.9949258558712
247.0,China,Transport,Renewables,584.3414309396,2016,60.36191494391911,500.6655010735508
416.0,India,Unknown,Oil,82.00424274431654,2006,57.04605819709075,405.36220126421824
793.0,Germany,Power,Oil,99.43819373183956,1999,31.733399829907764,332.8143386863695
782.0,China,Unknown,Unknown,124.95622395832494,1998,41.57629194272656,520.3395310050255
924.0,UK,Power,Natural Gas,129.1012116496354,1996,47.95378712073654,506.9515623700451
785.0,China,Power,Oil,133.38457509280605,2008,62.90213811994244,673.1924682322397
905.0,USA,Power,Unknown,101.92521552806764,2005,57.94739217055307,540.7458439947109
130.0,USA,Transport,Oil,120.06102619322368,2017,59.33945166101736,349.02257068457885
638.0,India,Unknown,Coal,72.92880287731214,1998,32.50011451176334,622.8228425498525
403.0,UK,Industry,Unknown,102.14320455564486,2020,50.33967612351482,474.969904041211
801.0,China,Power,Coal,117.07449344514556,2000,40.49864247116493,526.9022269261698
787.0,China,Transport,Natural Gas,87.00357043718358,2012,62.11668486010926,537.6177551283735
736.0,China,Power,Natural Gas,73.5345795378979,1999,35.151121017561124,642.8060777123246
931.0,UK,Residential,Renewables,97.32222146868568,2000,39.338667285266894,520.9529239702207
220.0,USA,Residential,Coal,79.86878017824196,2017,44.72261775971873,519.628916781476
642.0,USA,Industry,Coal,74.39463181274121,2000,54.50856866488415,486.8765326630679
933.0,China,Power,Renewables,74.07952759497215,2001,51.11183143357245,566.678534467242
853.0,UK,Residential,Coal,137.64584467668377,2014,48.41030460730119,487.6692347995203
824.0,UK,Transport,Coal,106.23628366954522,1997,45.33372612440907,600.3038978762463
938.0,USA,Unknown,Coal,97.1678037968838,1991,37.242038447000354,508.4201008339372
625.0,India,Power,Renewables,94.9020031026308,2007,48.55607181547029,496.9645878136351
856.0,Germany,Power,Natural Gas,138.5513877035639,2011,55.63863168924354,327.0497600367352
387.0,USA,Transport,Oil,92.81954872288428,2007,54.36743540783482,209.88612181825917
993.0,China,Power,Coal,74.1697779780839,2014,64.42005797653515,296.6059383111504
,Germany,Transport,Oil,106.26237659494528,1998,48.89013028228265,610.5638510041111
268.0,India,Industry,Renewables,66.15762222885562,2008,39.96338788328198,277.7559225409676
837.0,USA,Power,Coal,106.23403604262435,2001,46.294999024923456,573.7712880053745
113.0,Germany,Transport,Unknown,109.3999652152634,2003,47.97598011368656,499.7520168876839
692.0,USA,Industry,Coal,125.04425819519636,1995,44.22014613576325,507.2881532970875
233.0,USA,Power,Coal,117.1851444999968,2002,49.22638652380831,452.4144663406575
887.0,China,Industry,Oil,89.79330033584505,2020,47.93815199374237,563.1718031850615
608.0,China,Industry,Renewables,91.3206771585438,1992,44.12860668008337,313.0834238999065
672.0,Germany,Transport,Unknown,82.67546103985501,2006,70.89342649851798,508.77794348089685
374.0,Germany,Power,Oil,97.18331274388284,2012,60.51183780149906,516.8209014684057
819.0,UK,Power,Renewables,109.50732068694424,1991,36.286331318176174,519.0425355065285
860.0,China,Power,Coal,99.03587837025876,1994,39.3500117489085,531.4373534199137
234.0,UK,Industry,Coal,106.92355491665484,2007,67.58417857379125,493.0697970628887
802.0,USA,Industry,Coal,104.72651805455553,2010,48.01314887051038,537.763146943291
677.0,USA,Power,Natural Gas,303.7030277321102,2004,39.3078934303884,517.0828079423637
318.0,China,Industry,Oil,97.69654144460117,2022,51.42748336044957,484.931644137767
649.0,China,Power,Natural Gas,120.55355349602064,2019,63.43490208184063,532.5169130051951
411.0,USA,Residential,Oil,97.71424088796228,2006,55.39144117950151,444.7000567152588
916.0,USA,Industry,Renewables,106.8979401649984,2020,59.963509875907846,324.9592264552496
710.0,India,Power,Coal,83.62006619682646,2021,58.35754013857501,370.8365283865609
359.0,UK,Power,Coal,93.97489529346396,2019,45.98392289342871,561.4129279450443
259.0,USA,Power,Renewables,114.90808394690804,2013,60.74185392178971,422.5753886442975
745.0,China,Industry,Oil,98.30874001712384,1993,54.28920398180989,558.8206407040075
628.0,China,Industry,Oil,107.3477738126126,2011,49.9574101276079,433.8843315345847
633.0,Germany,Transport,Renewables,82.68267125741882,1997,45.652250702663984,515.1543208432469
283.0,UK,Power,Coal,92.22851793521748,1994,51.63210255027354,394.84473137747193
377.0,USA,Power,Natural Gas,102.23677341516861,2018,62.377244855291366,425.9682429252495
385.0,USA,Transport,Coal,143.81650319745503,1993,53.12562173457743,525.8912747542776
225.0,Germany,Power,Unknown,88.11267255307588,2010,50.489674885720135,608.9009324546452
974.0,UK,Residential,Unknown,50.22875476417032,2018,68.18010998947038,420.45620523630345
966.0,USA,Residential,Coal,125.49978238600087,1991,47.620992482308246,465.2802740382142
473.0,Germany,Transport,Coal,98.95960623083973,1993,51.2754239437051,424.771999548484
348.0,India,Power,Oil,719.9098180556703,1998,44.21733412602573,520.020360547896
506.0,USA,Power,Renewables,71.20871893247632,2010,58.55736431175224,321.67785187162025
640.0,India,Transport,Coal,74.24449109403525,1990,40.63850710729092,461.7509841087155
947.0,USA,Residential,Coal,99.49982587381918,2005,58.96283960130607,257.57496760628
923.0,China,Unknown,Coal,81.90170695887979,2017,49.82035711542844,491.64035716413673
620.0,UK,Transport,Renewables,96.33643462189542,1994,54.29350235422472,462.5346032188352
873.0,Germany,Industry,Unknown,103.5885836670817,1998,47.023574269785705,509.03166915189263
821.0,China,Residential,Oil,81.51005581488793,2016,40.24619764830663,388.65419917847385
646.0,China,Industry,Coal,138.38001786437212,2002,50.55054621986962,675.4811875599614
864.0,USA,Transport,Coal,129.8716553861774,2023,32.90690304708954,578.8143543970943
557.0,China,Transport,Renewables,82.59464899638053,2015,62.930232782147016,545.8891396361898
578.0,USA,Unknown,Oil,118.06961417081362,2014,53.15853449947455,568.641750044673
86.0,China,Industry,Coal,114.28172225905062,2018,35.48893612829992,372.02020138805295
699.0,Germany,Industry,Unknown,121.74390368790608,1996,38.43150669861359,504.7621019962496
160.0,India,Unknown,Coal,94.74433222035064,2018,47.38953808119848,613.9612940573444
525.0,China,Industry,Coal,77.96676169241195,2022,40.39261121664538,563.4903811584933
36.0,China,Transport,Renewables,131.2491901372423,2006,60.57192998984916,559.2040236700633
541.0,USA,Power,Natural Gas,104.38463335509948,1995,47.64873667450888,379.540635208867
171.0,China,Industry,Coal,107.60157416883548,1992,47.66567201356104,628.7167793149875
655.0,UK,Industry,Oil,81.31296782842978,2014,46.59083293908065,388.3325933289853
908.0,India,Power,Coal,85.97325616794572,2013,48.211448784916925,621.2999364250198
875.0,Germany,Power,Natural Gas,98.90774651883814,1993,46.19205568860791,548.6038681642749
865.0,Germany,Industry,Coal,119.34975498477276,2002,56.51345012353048,393.6536632877661
963.0,Germany,Unknown,Coal,109.20659746359628,2021,41.75300139643208,596.3451222285541
734.0,UK,Power,Renewables,104.66411927970417,2005,49.879179895628525,530.4278391632531
96.0,USA,Industry,Oil,95.2600165787968,1990,49.98268301774393,435.8923734559281
564.0,Germany,Power,Unknown,118.03221829136814,2007,63.004941523308055,511.4475959795496
241.0,USA,Power,Natural Gas,98.04553893858164,2001,59.38315715964504,566.4929019905828
743.0,USA,Unknown,Unknown,145.13502792868235,2019,51.41550779079344,471.2395265819197
575.0,USA,Transport,Natural Gas,114.76160749819302,2020,55.37360281449226,511.1896704488599
691.0,Germany,Unknown,Oil,86.02099121072797,1995,39.770544797665046,414.7457756940975
461.0,China,Power,Coal,66.22875366420631,2021,56.955233489652585,528.3171005336363
554.0,UK,Power,Oil,221.41849277304456,1991,54.50738790043547,737.9009013402092
896.0,USA,Unknown,Coal,96.63813068069511,2020,50.47071686807888,424.9470381846176
207.0,Germany,Unknown,Oil,104.98397085471312,2011,59.701968266853,493.764535803122
393.0,India,Industry,Coal,74.66211056952298,2000,41.98294957351028,568.9003144041407
795.0,China,Industry,Coal,88.12409355487351,2019,61.99642032783947,421.3244872897772
398.0,Germany,Unknown,Unknown,57.68160009058016,2013,44.31794630603591,557.9016107794437
767.0,Germany,Power,Renewables,82.79973276842921,2011,61.930385845947086,604.3061377294812
866.0,India,Power,Natural Gas,88.78129571552506,2018,36.809361385150325,289.70982689449664
218.0,USA,Unknown,Unknown,86.49077110288444,2001,49.62687591753365,420.9939127402047
5.0,India,Power,Coal,113.73132012303124,2018,48.3712687900842,522.5055389209609
769.0,China,Residential,Unknown,91.3980159247611,2011,46.78007472706405,530.9968660984705
643.0,China,Power,Coal,100.19862039466544,2017,33.36246804968008,479.9919434193319
915.0,China,Unknown,Coal,251.64825169735823,2001,54.42720275192643,543.9825807031083
613.0,Germany,Unknown,Unknown,120.04170433180818,2010,40.3173181463135,506.23873963801657
739.0,India,Power,Oil,88.85439399274598,2018,58.16838709632252,475.9861085975689
547.0,USA,Power,Natural Gas,78.30932413415897,1991,47.56473610814733,522.4355557743129
726.0,UK,Residential,Oil,225.8574792952678,1997,53.010236041635615,428.83404226088544
684.0,USA,Unknown,Natural Gas,506.2315645430537,2012,60.943397864026544,499.4632527606518
99.0,China,Residential,Coal,123.19582490578613,1992,65.13344502139469,376.6227158444444
805.0,Germany,Power,Coal,87.66789891909006,1996,50.489674885720135,555.27577449847
728.0,China,Unknown,Renewables,541.7263447858186,2004,52.19796734998102,500.6655010735508
574.0,China,Power,Renewables,109.20839458880096,2001,56.72301197586649,500.6655010735508
407.0,USA,Transport,Coal,81.23645249144589,2002,64.74046600146102,470.5207549227471
503.0,India,Residential,Renewables,128.93867076399113,2002,52.5543384457205,445.297574899034
48.0,Germany,Power,Coal,96.57501649125828,2012,57.30327005923329,425.3212650463144
33.0,USA,Power,Unknown,99.60049142560194,2011,48.78903311534207,512.2140714074047
780.0,Germany,Residential,Coal,90.39245018039357,2022,67.50610751230936,388.7022688861836
840.0,USA,Industry,Coal,137.52346826455425,2005,54.687497843152855,487.58407925331807
201.0,USA,Transport,Coal,102.6837034835544,2021,56.451691253728185,486.9346031037887
135.0,UK,Power,Coal,99.72794331109355,2009,35.67060879314486,495.2889884368967
28.0,China,Residential,Unknown,121.50628278718708,2005,53.27861140750776,456.9326699822893
948.0,China,Residential,Coal,142.11354132681262,2011,50.2116814441486,462.1545346422543
231.0,India,Unknown,Oil,113.66837009246848,2018,51.12362126925804,564.7010364382497
,China,Industry,Renewables,127.80854948812764,2002,54.30348441904753,518.0774238725841
773.0,Germany,Unknown,Unknown,113.54319424131576,2000,49.73484751271042,574.2194980069105
379.0,Germany,Residential,Natural Gas,101.62125741387314,1999,47.32873664059308,683.7238392774539
289.0,China,Unknown,Coal,111.5981793494384,2014,46.85309106301616,409.73960131395097
419.0,UK,Power,Coal,390.7582389587194,2009,48.49535600176927,517.9628599455004
675.0,China,Transport,Unknown,90.79186768721516,2003,49.69559668497234,572.1580895117653
392.0,India,Residential,Coal,52.16556684574413,2020,57.1827440697446,646.6824416404769
593.0,China,Industry,Oil,80.0753588755496,2004,36.84832257571809,551.9062223604926
499.0,China,Industry,Coal,121.69054092990176,2021,53.3658670142228,610.7565323308623
139.0,USA,Unknown,Natural Gas,131.65574508244185,2008,47.6906755012467,476.1728962193748
63.0,China,Power,Unknown,133.73975726050782,1998,49.25753334015639,608.3735298054014
472.0,UK,Residential,Oil,100.5775144629802,2011,42.057830013855664,544.9608247709959
648.0,USA,Power,Coal,115.72625419760894,2017,66.22591502232909,482.1689888070924
129.0,India,Transport,Natural Gas,83.1476015721954,2004,46.757062831827575,599.5708420522706
997.0,USA,Power,Oil,90.53659858727924,2007,55.89177834201379,381.1851618954189
521.0,Germany,Industry,Coal,97.27105073291656,1998,59.08959829228131,713.820904755154
839.0,China,Power,Renewables,85.81242584884278,2012,46.03161779255355,689.6037495153939
983.0,China,Unknown,Unknown,106.60285231578146,2007,44.82413947533726,390.3242832970679
65.0,China,Unknown,Coal,586.5726087147696,2000,50.40598476156298,366.63484174161874
813.0,USA,Power,Renewables,129.9473794186825,2015,54.23683599627155,496.2499176925507
15.0,Germany,Unknown,Coal,104.63025478591145,1994,56.363657277529306,553.7160501460957
157.0,UK,Residential,Oil,83.73290704422165,2021,47.79513845832589,620.3536581906692
41.0,USA,Transport,Unknown,101.63126069968732,2019,51.89563856434632,533.0198674165594
493.0,USA,Residential,Coal,102.23677341516861,2005,44.51886051774275,543.6961075390394
,India,Power,Coal,83.90018678139424,2017,54.63135274241011,647.1906399113542
188.0,China,Unknown,Oil,87.67558893186785,2006,55.75033035109018,506.4230833703327
764.0,UK,Transport,Renewables,89.3056878437871,2008,23.640321324108733,700.4228774270408
217.0,China,Power,Unknown,93.64853602352524,2009,37.143175817533226,605.4731334981795
792.0,China,Power,Oil,88.2392284308225,2014,60.60592335982367,502.06885078666176
53.0,China,Unknown,Unknown,109.11379337334505,2007,52.80110261046585,500.6655010735508
879.0,India,Power,Renewables,102.83670334285809,2012,42.41537037700131,634.8386371988156
338.0,China,Residential,Coal,120.58443582467788,2015,56.74449402403668,306.569324255573
749.0,USA,Transport,Coal,63.19341927531656,2021,34.85075724629947,547.7124347686055
720.0,UK,Power,Renewables,131.66451059385014,2015,55.43456460954106,296.09044867562795
725.0,China,Unknown,Renewables,95.1817750981276,1992,55.66226764895951,354.2375513379423
702.0,India,Power,Unknown,99.10470385226984,2006,57.36078816342273,379.3596749281954
252.0,China,Transport,Renewables,118.84624420535737,2000,56.33094934705377,527.0206291238311
727.0,UK,Power,Coal,111.24633241246516,2013,40.00800294498974,414.21789718213785
462.0,China,Power,Coal,122.84320056505724,1999,78.84232276573647,553.4246932875055
456.0,India,Residential,Oil,98.30694916303143,2021,60.97772020971633,501.84860706564297
816.0,China,Unknown,Unknown,102.66187470273567,2001,59.44006142661491,422.2763565528288
863.0,UK,Industry,Natural Gas,121.08257352037958,2012,39.94146435251036,399.8333486379075
270.0,China,Unknown,Unknown,86.30963575566062,1993,57.16110698081099,500.6655010735508
202.0,USA,Residential,Coal,102.25575725258189,2017,57.44991419614082,556.5773699672063
162.0,UK,Power,Unknown,85.85389319343335,2017,36.36921655102306,347.01670917967294
556.0,UK,Unknown,Unknown,118.71763112543432,2011,43.47112641800934,596.2416408283075
730.0,China,Power,Coal,106.99189998720594,1998,43.73998873861201,399.8043143304171
402.0,Germany,Power,Unknown,104.1671059191856,2020,55.89525046176678,482.8761043544951
,Germany,Residential,Unknown,83.22620952592214,2008,46.63102012037736,466.91518714261775
477.0,Germany,Industry,Renewables,153.47021940792956,2006,52.8304482013648,342.9187966860843
822.0,UK,Unknown,Natural Gas,106.60333682385937,2016,49.85645533435852,652.2146758548047
772.0,UK,Industry,Renewables,127.70297850424647,2011,61.19790350740188,500.4340865049523
106.0,UK,Residential,Unknown,85.93456954873054,2017,54.10561615226944,702.2923288886068
566.0,India,Industry,Coal,91.418961463043,2001,71.00978772777151,555.8136723026449
390.0,India,Industry,Renewables,98.50178310689962,2011,48.48146638273507,429.5062085768397
2.0,Germany,Industry,Coal,111.67772588750626,2003,51.437880099255295,453.03953435181495
991.0,India,Unknown,Coal,129.98068809318852,2003,49.37630660563346,365.10482656942406
562.0,China,Power,Coal,131.921594710663,2017,26.22124465223131,408.18848275654807
932.0,China,Industry,Unknown,79.86041053106717,1992,50.61212371394755,506.03831472949247
81.0,Germany,Transport,Coal,80.91876504507356,2002,50.96058641951421,681.4009181074983
206.0,Germany,Residential,Unknown,132.82093259457918,1996,46.327302931457815,478.1997191416862
35.0,India,Power,Renewables,132.12238983662587,2012,52.713909809976975,620.2056601065949
776.0,Germany,Power,Natural Gas,98.21549094166672,1998,63.20847906220708,407.1987032311727
509.0,Germany,Power,Coal,87.61527070041117,2004,43.22482928116203,525.4580432643561
428.0,Germany,Power,Renewables,84.44162374665238,2008,47.916608459344445,408.16115112793415
455.0,USA,Transport,Natural Gas,101.69565729287918,2011,41.60379726744952,329.75181982934123
367.0,USA,Industry,Unknown,83.28091840838607,2013,60.34863856773434,563.478263997032
92.0,China,Transport,Oil,115.67437563629132,1994,44.78514354644233,480.7782399697343
340.0,USA,Residential,Renewables,108.39331045196138,2006,40.78494603976177,437.5746579429305
898.0,China,Residential,Unknown,99.15328683603526,1991,44.87432342555709,610.7456930668951
565.0,China,Unknown,Unknown,58.531582221272345,2022,42.161718700761504,657.3412147525846
777.0,China,Residential,Renewables,117.98870081511444,2001,30.95261120565261,581.1388119917159
242.0,USA,Power,Unknown,128.2341875186291,2020,40.787548885570935,423.5028246621403
14.0,UK,Transport,Coal,109.50571178639782,1993,59.22563516848142,470.46053813008376
316.0,USA,Transport,Oil,468.3246670601482,2003,36.30863462650535,499.4632527606518
388.0,USA,Industry,Coal,104.6425702371734,2013,47.60001782353443,536.649866588694
274.0,USA,Residential,Renewables,85.69056605737056,1999,62.26422164533702,450.5792545156724
167.0,China,Unknown,Coal,100.97337473766102,2006,25.65823614157408,583.5821068724858
841.0,UK,Industry,Coal,62.39113889750324,2003,48.63065011390596,460.4810166968936
485.0,China,Transport,Coal,56.00778562998892,2016,66.62010396272034,601.9949483466368
505.0,UK,Power,Natural Gas,124.18532221937478,2019,45.84683117864777,458.8030130886972
832.0,USA,Industry,Coal,118.84476302994725,1994,44.60785984193755,512.5998947494962
244.0,USA,Industry,Oil,93.94071090196142,2021,27.1028445020737,471.781223918547
567.0,UK,Transport,Renewables,103.69801633857954,1997,66.62998936994103,489.4209612148288
876.0,UK,Power,Renewables,95.20202165839676,2007,44.57691663874382,326.15730971798547
563.0,India,Industry,Coal,103.79423457451053,1990,56.239499418454685,341.68126710303034
973.0,China,Industry,Coal,106.6058172626628,1991,57.10003259037054,625.3866888823748
687.0,USA,Transport,Oil,99.9035075618974,2015,43.59268252235557,427.0224716825637
958.0,India,Industry,Natural Gas,120.72403664263445,1998,58.57818841534787,524.3217622561067
190.0,UK,Unknown,Unknown,84.552604313714,1991,36.07610472216313,680.2660951175434
783.0,India,Power,Unknown,96.65607713855296,2012,60.00662705158344,520.020360547896
700.0,UK,Transport,Coal,103.63678074410122,2004,59.23844184261014,482.63780547153567
,USA,Unknown,Renewables,61.510236779023,2002,57.75314210519647,568.6247973331942
682.0,UK,Power,Natural Gas,82.02373623930197,1994,49.2745767676476,630.2985498716921
511.0,UK,Power,Natural Gas,130.7921369600303,1999,43.82322511238403,278.5826266826345
59.0,USA,Industry,Renewables,107.12333754449683,2021,56.72607728782654,385.792176090562
475.0,USA,Unknown,Renewables,98.32797722818158,2009,40.24429434077052,625.9347128074439
561.0,UK,Unknown,Natural Gas,113.87756889961308,2008,26.6665215815284,402.18406554744377
857.0,China,Transport,Coal,64.43298065469239,2021,56.69871454758661,494.2446079594095
748.0,UK,Unknown,Natural Gas,71.20451573779832,1995,52.95429811721782,552.5612854448437
253.0,India,Power,Natural Gas,143.99053262322667,2010,55.08565877358319,367.4812695843001
22.0,USA,Industry,Renewables,92.84565635461512,2010,61.94922134864996,499.4632527606518
314.0,India,Residential,Renewables,64.1148553897988,2006,62.73674247904694,425.0223155715894
460.0,China,Power,Oil,79.60876736560228,2003,76.48143985753487,500.6655010735508
161.0,USA,Unknown,Coal,125.41262121316448,1996,47.35357313699275,430.568118956117
277.0,China,Residential,Oil,89.7337754335326,2008,50.6092909384936,428.3350090180043
956.0,USA,Power,Unknown,69.51169323758046,1991,48.73896030680285,442.862841304709
192.0,UK,Residential,Natural Gas,111.1738193206655,2015,77.5072303053733,630.294648906696
806.0,USA,Power,Renewables,92.47646794436623,2006,43.05517124137782,467.1031666002556
414.0,UK,Residential,Coal,114.72778940369194,2004,66.94511761698497,497.98233482987297
492.0,UK,Power,Oil,84.11147893062639,2014,50.347759687934406,419.5215021803347
344.0,Germany,Transport,Unknown,111.84703842216346,2005,36.37088586650025,398.2665148810004
770.0,China,Unknown,Oil,101.7271063100074,1990,44.92276886696859,552.1845109612117
309.0,USA,Power,Renewables,119.25337839171064,1990,41.72651000359647,483.2442660598775
662.0,UK,Transport,Coal,103.82201236921829,2004,40.32664803075295,455.3737513299869
131.0,India,Industry,Unknown,93.9550064815696,2007,54.884946724532426,471.0772321846287
664.0,USA,Residential,Oil,100.50853405223268,2011,35.28919164306869,513.8652625472853
872.0,UK,Power,Oil,113.641190171536,2009,58.73771996048796,543.830370476835
100.0,China,Transport,Natural Gas,92.46171549172207,2004,64.81515792841583,483.52590698958977
373.0,UK,Residential,Oil,126.71611332982988,1997,43.72017413517362,495.9157032483918
88.0,USA,Unknown,Oil,96.61498231887388,2015,52.49584561789169,674.7376359709906
459.0,UK,Transport,Oil,105.15924323163316,1995,49.85645533435852,537.9838202395174
331.0,China,Power,Oil,92.60862294292438,2015,56.62117291482028,553.5168309274744
215.0,Germany,Unknown,Coal,90.4599524017408,2013,50.52318547822483,598.4231442461949
467.0,Germany,Power,Natural Gas,103.22715849285017,1994,53.73324144497762,435.2209955246803
122.0,USA,Residential,Unknown,123.0058106183232,2007,31.40220447029092,529.9055074821043
615.0,China,Power,Renewables,104.59744416247877,2004,32.68568571102735,400.2358101202371
21.0,USA,Industry,Coal,90.83726025572533,2014,45.5626448513951,695.865476836709
701.0,USA,Residential,Unknown,119.07343356331562,2008,55.388312227920586,523.5279989907826
72.0,China,Power,Renewables,84.01003333673026,1998,51.356320087759535,372.5008549384465
107.0,UK,Power,Coal,88.85437751791838,1998,44.8006676550746,499.9443704245165
271.0,UK,Industry,Renewables,137.21368891741076,2018,44.04803269057709,414.540956535421
861.0,Germany,Industry,Coal,103.74328040972324,2019,35.67751344780107,472.43612339448737
436.0,USA,Unknown,Coal,90.6513131235006,2006,51.30893487943796,532.5339295974992
103.0,Germany,Unknown,Natural Gas,108.16690328789556,2015,27.251132361776374,560.4684096949602
